"","foldchanges.view"
"1",-2.79188662528136
"2",-1.09073177558953
"3",3.75074814082149
"4",-0.754816447677063
"5",2.67988803141241
"6",-0.561453928594649
"7",-0.302519212570036
"8",-0.369802452532982
"9",-0.50863685425255
"10",-2.690605961808
"11",-0.809724508735373
"12",-3.51439189602568e-05
"13",-0.305640796026584
"14",2.96094537966154
"15",-0.850139492370472
"16",2.8197814602482
"17",0.119322380369765
"18",-1.38107117417859
"19",0.227258816287758
"20",-1.79590706761077
"21",-0.0974433710376785
"22",-0.657992849428239
"23",-2.97968131091299
"24",-0.350036697218119
"25",-0.671908284146786
"26",-0.462956280241684
"27",-1.93159234117334
"28",0.927742870487548
"29",-1.4665002393558
"30",0.0470762923118087
"31",-0.329257206665339
"32",-0.360531713816912
"33",-1.29323548236751
"34",-1.45664904040092
"35",0.0095258619380704
"36",-1.13266989898427
"37",-2.42613536351496
"38",0.343010176255229
"39",-1.08319056429224
"40",-1.71507949899084
"41",-1.29036777888223
"42",1.6766637328316
"43",-0.158847601259949
"44",-2.50670876008373
"45",0.0477889367994755
"46",-1.3392295024881
"47",-0.00492307176555085
"48",-0.71261562889808
"49",-2.06004465330967
"50",-0.636001679264102
"51",-0.779878597683109
"52",-0.523212193082209
"53",0.47194198419893
"54",-0.773648227406221
"55",-1.68581806731948
"56",-1.15992433285157
"57",-1.00272530789072
"58",-0.179929074957002
"59",0.123014205525573
"60",0.20653139723224
"61",-1.06934813804687
"62",-0.998671468430756
"63",-1.76081146184423
"64",-0.616362546495691
"65",0.19065747273105
"66",0.292315342638236
"67",-0.543121820265408
"68",-1.78992893875965
"69",-0.6202526402525
"70",-1.74672259490048
"71",0.130131625985958
"72",-0.574814219573002
"73",1.93330502994405
"74",0.144286715962105
"75",0.399582440469275
"76",0.440415368829705
"77",0.995485252563394
"78",-0.793504912109944
"79",-0.773512178264203
"80",0.280040263785584
"81",-0.509612050098614
"82",0.521563126764775
"83",0.360866455406451
"84",-0.906376873842746
"85",-1.2843193124274
"86",-1.14295870117408
"87",4.10609248282611
"88",-0.756215307095887
"89",0.437517538627703
"90",-0.436884078394351
"91",-0.00176977595247641
"92",-0.27885511576595
"93",-0.540808961760153
"94",-0.0710585712748687
"95",-0.337907608336591
"96",0.263251252132963
"97",-1.20219096268592
"98",-0.86527803318803
"99",-0.540631320374802
"100",-0.478656087245288
"101",-0.597983320499407
"102",-0.566653902158731
"103",0.202473245235128
"104",-0.40635393985559
"105",-1.31463196229534
"106",0.132688381081773
"107",0.141727230495267
"108",-1.22819294435503
"109",-1.89369009355182
"110",0.192235260940788
"111",-0.0942670284809755
"112",0.158105114470112
"113",-0.71201141216701
"114",0.197514823222815
"115",0.490627500814146
"116",0.612895977863796
"117",0.0731550507733157
"118",0.359156450250525
"119",-1.3950543547677
"120",-0.113672478914636
"121",-0.40165872589769
"122",-0.208894348715809
"123",-0.686828794540124
"124",-0.0434572712512646
"125",0.104510018582945
"126",-2.00058846719525
"127",-0.553666848465014
"128",-0.331084347032691
"129",-0.238454025436724
"130",0.146900996594863
"131",0.210809704776072
"132",-0.371995972280957
"133",0.70064833201248
"134",0.213252801246705
"135",-0.170587940053761
"136",-1.45575126075344
"137",-0.207384476632306
"138",0.323102940251303
"139",-0.491575897826046
"140",-0.0987691229111757
"141",-0.403403187145334
"142",-1.80796780024952
"143",0.0682499638320796
"144",-2.31475570183985
"145",0.117310521175918
"146",-0.2512294344818
"147",-0.322789275820074
"148",-0.591515272324402
"149",-0.196354419665307
"150",-0.121900919171927
"151",0.0891198532752728
"152",-1.40347464391742
"153",-0.17963746640531
"154",-0.335935084128606
"155",-0.0762757236510404
"156",0.0542653719069746
"157",-0.354200981849919
"158",1.11480850021544
"159",-0.719806858856569
"160",-0.463212377290324
"161",0.105745664303968
"162",-0.109175274146569
"163",-0.55979103280516
"164",-0.53424681634632
"165",0.386741180048122
"166",-0.128329970499553
"167",-1.29716768975425
"168",-1.50104900383845
"169",-0.63089562698836
"170",-0.0913753671270171
"171",0.596726086119788
"172",-0.401378138962824
"173",0.196108931881551
"174",-2.07865009104626
"175",-0.20355379219803
"176",-0.27110540159929
"177",-1.2309037754464
"178",-0.852487341655292
"179",-0.970294847453074
"180",-0.519219347272642
"181",-0.676769077551377
"182",0.612323085622043
"183",-0.450954384176144
"184",-0.644411223104873
"185",0.357051804923238
"186",-1.35395295889387
"187",-0.56246922046717
"188",-0.575604513062476
"189",2.85938476783269
"190",-0.735467175476952
"191",-0.696207211491649
"192",-0.292621726217138
"193",0.249216419926748
"194",-0.199278711707932
"195",-0.406846022791417
"196",-2.40482529006668
"197",-0.173105018302638
"198",0.433424084830745
"199",-1.02587637753735
"200",0.0267326722217865
"201",-0.0781303281325669
"202",0.186255217303133
"203",-0.0916848150620277
"204",0.163846037418521
"205",-1.07631879443739
"206",-0.345178232492858
"207",-0.161411512227219
"208",-0.0318138058614691
"209",-3.44982689569815
"210",0.2208018625949
"211",-0.259394804543161
"212",-0.371684115038207
"213",-0.25150158007684
"214",-3.22282875319314
"215",-0.13569117811538
"216",-0.134001738296795
"217",-0.0330953146944294
"218",-0.610119447475482
"219",-0.0308809625537398
"220",-0.0868548735769894
"221",0.371920092470664
"222",-0.369554667545971
"223",0.330688484306912
"224",-2.45905655437561
"225",-1.18576443322249
"226",0.119231284488498
"227",0.171463277533405
"228",0.0619570367179681
"229",0.395956463541251
"230",-1.90462761963578
"231",-0.278492143005532
"232",-0.0675182038280502
"233",0.354009014032837
"234",-0.107475330000031
"235",-0.991738445230237
"236",-0.316534361203573
"237",0.108847505731377
"238",-2.42531261870531
"239",-0.593158069330554
"240",0.0439899127124212
"241",-2.31388267663687
"242",0.632055202250023
"243",-1.67972367888598
"244",-0.199149948335719
"245",0.03119253056906
"246",-0.368022826074742
"247",0.524718536750382
"248",0.0259109242953523
"249",0.0908102300475521
"250",-0.235293009968789
"251",-0.107075651721599
"252",-0.421590015609803
"253",0.174487920506877
"254",-0.0263134870756871
"255",-1.66608700659221
"256",-0.441365097462043
"257",-2.86233502350862
"258",-0.547880529114924
"259",-0.158555944903476
"260",0.140498078253581
"261",0.157794425351483
"262",0.612966503485942
"263",0.0497481247787004
"264",-2.94096313344415
"265",-0.0949040662018621
"266",0.206801337458823
"267",0.442429228707908
"268",-0.706540355863867
"269",0.332638652354586
"270",-0.0669096423069311
"271",-0.265563163334467
"272",0.236454613991776
"273",0.0209018532676167
"274",-0.800870384578068
"275",-0.324973710824068
"276",0.500690166900484
"277",2.62768952218257
"278",-0.394124898946339
"279",-1.0423254326166
"280",0.116079700990698
"281",0.461434608425451
"282",0.130833321679011
"283",0.399218410633684
"284",-0.422319499922881
"285",-0.449550239529149
"286",-0.668982690009197
"287",-0.0246933070080423
"288",-0.319728239345239
"289",-0.161965690611695
"290",-0.0994184052397598
"291",-0.256297963679584
"292",-0.118925433655325
"293",0.273090477521368
"294",0.150788329377195
"295",-0.925908711323266
"296",-0.4389655428317
"297",0.190945532549846
"298",-0.00100021760940187
"299",-0.531407849816849
"300",-0.208203243042012
"301",-0.289696425170405
"302",0.404878931885296
"303",-0.244211661731821
"304",0.345475420702173
"305",-0.208844795888047
"306",0.061816244714169
"307",-1.01441938187306
"308",-0.272250449433162
"309",-1.50894623934161
"310",-3.15580405139041
"311",0.0100642004948926
"312",0.197837167492654
"313",-0.979689326818526
"314",-1.81810214166304
"315",0.398134498077142
"316",-0.439988268693889
"317",-0.253067980171661
"318",-1.15978681963766
"319",0.933704128036256
"320",-0.49490409012905
"321",-0.0181583098749961
"322",-1.45462066587476
"323",0.300003103262793
"324",0.238855029769105
"325",-0.00911862322852243
"326",0.326603210063085
"327",-1.97972107394962
"328",-0.917731311336911
"329",0.211626341664908
"330",0.194356524474059
"331",-0.257021114295161
"332",-0.0539388916375726
"333",-0.959196660479969
"334",0.206221564247758
"335",-0.696998620986365
"336",-1.11422688646964
"337",-0.222898561542216
"338",-0.65211651544959
"339",-0.0794088465570137
"340",0.632670290994347
"341",-0.149895207413906
"342",0.534966524377177
"343",0.309473540381022
"344",0.426485240857641
"345",0.442908174925426
"346",0.276420832597766
"347",0.251442437751325
"348",-0.226109352088031
"349",0.197194314209103
"350",-1.00478706880453
"351",-0.979103959241198
"352",-0.0010632000766686
"353",0.171459344341275
"354",-0.00947610453120151
"355",-0.856246231948455
"356",-0.722973958108312
"357",-0.236699094714237
"358",-0.790472802253246
"359",-0.658717615441044
"360",0.448977852368383
"361",-1.0104649755227
"362",-0.390481808546338
"363",-0.406918321263181
"364",0.0432261829165792
"365",-0.24483157073875
"366",-0.11515055885319
"367",0.220317047568683
"368",-3.36827883490268
"369",-0.461852442792117
"370",-0.400264966581683
"371",-0.195808192180818
"372",-0.0573582678176706
"373",0.0876021401360001
"374",-0.494389305329285
"375",-0.880490121798459
"376",-0.905130498690128
"377",-0.428740618565401
"378",-0.328114828066106
"379",-1.15096056273204
"380",-0.713680718880564
"381",-0.933586354318597
"382",-0.212892539713769
"383",-0.450263338388418
"384",-0.079057595029153
"385",-0.769948167568952
"386",-0.985122944134571
"387",-0.566303135986094
"388",-0.202856296751998
"389",0.211680062365119
"390",-0.234057145515448
"391",0.532083969352284
"392",0.703110777774515
"393",-1.40604936228949
"394",-0.612828150448171
"395",0.195180875574278
"396",-0.250037882576283
"397",0.22739656185332
"398",0.551705576789945
"399",0.604169729991676
"400",-0.0732018077484271
"401",-0.162174408431117
"402",-0.488050979934328
"403",-0.0947523037124324
"404",-1.29528364607528
"405",1.01349080487417
"406",1.19379856454414
"407",-0.331854441060638
"408",0.104913378370688
"409",-0.0978854577387771
"410",0.253634633668914
"411",0.224061001928175
"412",0.144886448572248
"413",-1.71943719956975
"414",-0.058111777759407
"415",0.323999722691768
"416",-0.599498409772468
"417",-0.848357231808479
"418",-2.89569097012236
"419",-0.757188395129949
"420",-0.431856805594818
"421",0.0203946455773049
"422",0.0818202266859144
"423",-0.281410298905022
"424",-0.225953530913737
"425",0.325219682092073
"426",0.320102714050824
"427",-0.900063325475146
"428",-0.622191218806656
"429",-0.245552044014061
"430",1.40082691231489
"431",-0.266058026915641
"432",-0.572187742102423
"433",0.249281978947586
"434",-0.295087404794787
"435",-0.173056937371628
"436",1.81385776409589
"437",-0.140211927317041
"438",0.2670787883358
"439",-0.176284664153049
"440",-0.565683823639413
"441",0.0932998351110306
"442",-1.24434056729938
"443",0.376034128900206
"444",0.21240972317157
"445",0.155453849394046
"446",-0.516220636692636
"447",0.0528429677129799
"448",-1.1576665973127
"449",-0.509443658261999
"450",-0.867410537698069
"451",-1.54782539708625
"452",0.424681819534762
"453",-0.725784001477981
"454",0.549214231487903
"455",-1.03877964333114
"456",-0.280755599629381
"457",0.109242752386023
"458",-1.09267247655155
"459",-0.312467824247501
"460",0.83835187773527
"461",-0.624696592052514
"462",0.0774327358342887
"463",-0.465089577303217
"464",-0.0817260045005265
"465",0.0082442307624666
"466",-0.239353678997281
"467",0.359423518614187
"468",-0.28876629956601
"469",-0.703920457750242
"470",-0.388137301183854
"471",-0.552991931415461
"472",-1.17113359822405
"473",0.341409350711837
"474",-2.08142928179809
"475",-2.28975654742202
"476",-0.395106624025342
"477",-0.869950549407207
"478",-0.207608322418707
"479",0.244799816216387
"480",-1.0411114609123
"481",-0.0938651724790537
"482",-0.964160417728171
"483",-0.528895131722516
"484",-1.35986865253783
"485",0.446140956816638
"486",-0.260821977766347
"487",0.0972756240895535
"488",1.5092191075772
"489",-1.50008712109834
"490",-1.28311903649035
"491",-0.0594916298793625
"492",0.116466737095133
"493",-0.23430840038549
"494",-1.01349677116663
"495",-1.06692672622348
"496",0.0538897376921547
"497",-0.550296660246618
"498",-1.43434419412583
"499",-0.750549319021799
"500",-0.533526494288291
"501",-0.673096233632923
"502",-1.48783568051212
"503",1.85419426100973
"504",-0.381003991308373
"505",0.19664590193621
"506",-0.513199346786985
"507",0.0839720011136807
"508",-0.681546246890643
"509",-0.388894278088665
"510",-0.235036182663126
"511",-0.32107317390658
"512",0.247801012039981
"513",2.32871242433828
"514",-0.987735074672427
"515",-0.203147825675906
"516",-0.242660571060856
"517",0.300998278593357
"518",-0.434788129494665
"519",0.107127968302918
"520",-0.305498123889625
"521",0.24096845371883
"522",-0.17752383434044
"523",0.308852714156853
"524",-0.171037849316325
"525",-1.72793590179505
"526",-0.0191899162572027
"527",0.241613702718544
"528",-0.566493470811732
"529",-0.351636773341864
"530",-1.28968721550193
"531",-0.0745262419498033
"532",0.709124362853255
"533",-0.125380545287375
"534",0.643863615165605
"535",0.0835963737812426
"536",0.408409230614141
"537",1.43883135607531
"538",-0.0496064373730913
"539",-0.654386633689223
"540",-0.355708375598876
"541",-0.318266545411909
"542",-3.7098089644347
"543",0.156612750719138
"544",0.632466720679551
"545",0.391114803944797
"546",0.391779710038637
"547",-1.03939087975301
"548",-0.815302507618566
"549",-0.485676899641281
"550",0.484909495294789
"551",-0.315517782639998
"552",-0.160767928068817
"553",0.537140940823417
"554",0.0423271847673413
"555",-0.2722074051945
"556",-0.107869014301868
"557",0.0343068167024757
"558",-0.708878030284962
"559",-1.00030648921223
"560",0.108201650370636
"561",-0.144457664053065
"562",0.56279708210867
"563",-0.356891261719207
"564",0.517985087680437
"565",0.1641365471778
"566",0.0905192051156806
"567",0.632113098254973
"568",0.179583792923496
"569",0.481509896973806
"570",0.469642647329131
"571",-0.170716560969876
"572",-0.438355659117821
"573",0.292395108754928
"574",0.0923786960645957
"575",0.593240447720923
"576",-0.130336724319469
"577",-0.832752576674419
"578",0.168787353596965
"579",-0.782680084762918
"580",0.679746903432672
"581",0.250163877887117
"582",0.297188110739582
"583",0.174499176333912
"584",0.0410897271381906
"585",-1.3598392449993
"586",0.0642140271992128
"587",-0.12146901687261
"588",0.65548164794722
"589",1.03105061720112
"590",0.659945475954418
"591",-0.595589980042416
"592",-0.986680104850941
"593",-0.259120010295433
"594",-0.458791188079738
"595",0.172917533222133
"596",0.286695791808231
"597",0.756272975481819
"598",0.661669750946031
"599",0.347382534362313
"600",0.707296652551211
"601",0.22657332400001
"602",0.138965665671647
"603",-0.225244095360786
"604",-0.236041495625341
"605",0.263552874307026
"606",-1.58348977122249
"607",-0.178285221899212
"608",0.601910388441144
"609",0.0366171834630382
"610",0.538050493969465
"611",0.402472632764568
"612",0.0572988400971631
"613",-0.44575950551996
"614",-1.32357456243984
"615",0.261698236672728
"616",0.50615563030588
"617",-0.141689756020983
"618",0.0020159461271285
"619",-0.145914469571579
"620",-1.00343091595002
"621",-1.66061317009007
"622",0.108005956590337
"623",-0.311033773569413
"624",-0.510947647899704
"625",0.892812541420406
"626",0.399855853336036
"627",-0.235775671679397
"628",-0.703893311386405
"629",1.17752760897819
"630",0.220164271768527
"631",-1.24785029050834
"632",0.607896787862646
"633",-1.17707608815397
"634",-0.0649031016702285
"635",-0.0703527442619969
"636",-0.723707863431189
"637",-0.755043320522028
"638",-0.0463848468744052
"639",-0.915984570341664
"640",-4.76454523683052
"641",0.391092536614184
"642",-2.38733980221624
"643",-0.0711881333420865
"644",-1.52321763811614
"645",-0.725847965267696
"646",-1.2111846652303
"647",-0.0926339240355518
"648",0.148317945096492
"649",-1.35160034661718
"650",-1.10164036031476
"651",0.461244963891189
"652",-0.593755001999814
"653",0.00469130105043422
"654",-0.640262088742616
"655",-0.255987598225934
"656",0.00230079344028573
"657",-0.111922301338111
"658",-0.684337427465999
"659",-2.0067652242486
"660",-0.150458979176562
"661",-0.607566581965512
"662",0.258162190539957
"663",-0.416347387437115
"664",0.197333551539997
"665",0.113387307807502
"666",-0.633723536006279
"667",0.337479274847959
"668",2.00318162136802
"669",0.498323863142069
"670",-0.34901330911561
"671",0.4348794391414
"672",0.189364610367356
"673",-0.211501200002169
"674",0.211144645795604
"675",-0.690459532883425
"676",0.700889571659882
"677",0.00162457214154476
"678",0.474025157080339
"679",0.0645549301427115
"680",0.0623559127302458
"681",-2.12747746891205
"682",-0.711822712903204
"683",-0.0555548579326659
"684",-0.457509805318013
"685",0.251034308573445
"686",-0.341981871733915
"687",0.336186487243463
"688",-0.472612000326169
"689",-0.99453570162788
"690",0.940581000279059
"691",-0.930143565079306
"692",-2.52590357980755
"693",0.353815859765467
"694",-1.13115159525954
"695",-1.09426981828137
"696",0.099609784789152
"697",0.0407059539942309
"698",-0.128057436738431
"699",-0.576662901965983
"700",0.267643039615681
"701",0.471981012719437
"702",0.305041450060158
"703",-0.0257686960940052
"704",0.519074840084028
"705",0.0499390558818869
"706",-0.299093811801359
"707",-2.23678877241
"708",0.238081130764621
"709",0.259655234651982
"710",0.310822701994625
"711",0.184375527417314
"712",-1.1206715732474
"713",0.700197561496556
"714",0.116761021107533
"715",-0.520082696354932
"716",0.0955761158301732
"717",0.467229418770956
"718",-0.0625058918991667
"719",0.0697384810579083
"720",-0.308272667609389
"721",-0.0598976777128297
"722",0.271287479007182
"723",-1.67394934663598
"724",-1.2207109586451
"725",-0.67117267672302
"726",0.0562237288348839
"727",-0.121892897059244
"728",-0.953330337512784
"729",0.318957994903657
"730",0.653708215900209
"731",0.487824958316107
"732",-1.12315564714546
"733",-1.86847998509359
"734",-0.531560130857063
"735",-0.0324962599406588
"736",0.586663573219268
"737",-0.405761351112206
"738",0.020004852915819
"739",-0.871311514120061
"740",-0.755624809697902
"741",-0.589177068693343
"742",-1.11143423804021
"743",-0.469578041054044
"744",-0.77054448184256
"745",0.68256092391782
"746",0.0110266762450928
"747",0.220025807277336
"748",0.441826003854187
"749",-2.24025634443599
"750",0.612118168193842
"751",-0.121995200898878
"752",-3.25746238641312
"753",0.0627525474550962
"754",0.11018787849154
"755",-0.377896061661765
"756",-0.287582012110749
"757",-0.0467620766641934
"758",0.0680748411436838
"759",-0.303140683789965
"760",-0.289906372400468
"761",0.0864549541313142
"762",-0.570573556911034
"763",-1.15767041233924
"764",-3.46957249858141
"765",0.241706870451907
"766",-1.57553044798816
"767",0.191309559843735
"768",-0.567769068039287
"769",-0.0307586993529466
"770",0.302506544916514
"771",-1.12949348805578
"772",-0.333821094756805
"773",0.300589924581237
"774",-0.863930601916847
"775",0.161297610072109
"776",0.219038938128747
"777",-1.35280841547735
"778",-1.26040242209534
"779",1.19330013693799
"780",0.80563412233888
"781",0.168331734152788
"782",0.297110836340159
"783",-0.0590983615280363
"784",0.600307896370637
"785",-1.50826662634052
"786",-2.83960238869604
"787",-0.105104753663994
"788",0.3895425883535
"789",0.339748987170851
"790",-2.17892864024389
"791",-0.463726092118544
"792",-0.405555955633097
"793",0.479732429285731
"794",0.117517972921168
"795",0.522927706217035
"796",-0.0973045513314142
"797",-0.983102629187191
"798",-0.81976011340814
"799",0.221402039300132
"800",0.0280338199435467
"801",0.996103512186668
"802",0.177856835161513
"803",-0.56136055298866
"804",-0.977595475394204
"805",0.0560068165869618
"806",-0.405573109347328
"807",0.0774734155195107
"808",0.0897552038682082
"809",0.567738678230432
"810",-2.48968116113848
"811",-1.47061970050488
"812",-2.06268283890666
"813",0.419802649079225
"814",0.0671901042728944
"815",-0.14535670956412
"816",0.390476791761725
"817",-1.37008504373781
"818",0.40867534847683
"819",-0.132600946923151
"820",-0.124009870213944
"821",-0.133741643703278
"822",0.217239800349995
"823",1.85969398331534
"824",-1.39552154274472
"825",-0.028549668753985
"826",0.0294169674924995
"827",0.728603407839062
"828",0.679559433335884
"829",-0.264755702191101
"830",0.463988889085636
"831",-0.047938087297137
"832",0.0259609033861731
"833",0.0596152368966315
"834",-1.08920585734444
"835",-0.0245971996727879
"836",-0.42105977985068
"837",-0.760370959587794
"838",-0.401597151870255
"839",0.134820698991802
"840",-0.558765107691822
"841",-1.30690045352883
"842",0.124474243979863
"843",-0.459586912675769
"844",-1.36627470864516
"845",-0.515092134698454
"846",-0.304647892460854
"847",-0.350644901332843
"848",0.0499880493154658
"849",-0.324556036041037
"850",0.534322522004672
"851",-0.389582556621909
"852",-1.24929631867866
"853",0.406463183238146
"854",0.709541958581342
"855",0.291123274033726
"856",-0.303310306170376
"857",-0.212153605156979
"858",0.511901197284339
"859",-0.48772164865439
"860",-0.305449260796236
"861",-0.306901622366273
"862",-0.841573836101282
"863",-0.00529582603134472
"864",-1.18524554844035
"865",-0.413638791373564
"866",0.103486339010498
"867",0.149151890044617
"868",-0.114631680203606
"869",-0.346678801632484
"870",0.18188209870436
"871",0.765424114697833
"872",-0.450437209982579
"873",-0.565418557012119
"874",0.443407991798148
"875",-2.60086671417146
"876",-0.00655118887273866
"877",0.0262230738936822
"878",-0.263215296473495
"879",-0.16063744557711
"880",0.0956240280376204
"881",-2.26215181062578
"882",-0.638870680318661
"883",-0.13853120526229
"884",0.623456692869532
"885",0.679708409795346
"886",-1.69399242262779
"887",-2.01976702069529
"888",0.141327114651032
"889",0.827692899057381
"890",-0.119241569008034
"891",-1.70154836951875
"892",0.144851914450905
"893",0.0230115824200119
"894",0.0861035978654976
"895",-0.184695284728312
"896",0.199009529333068
"897",-0.43645798432107
"898",-1.99028262515857
"899",0.568547277795844
"900",-0.114618578719729
"901",-0.242044487213022
"902",0.063557091952973
"903",-0.523632450634068
"904",-0.0683190702032561
"905",0.00449060302092385
"906",-0.772541711880305
"907",-0.587715200388999
"908",0.173313553090386
"909",-0.263596479110187
"910",-0.442670379653056
"911",0.400565510004844
"912",-0.0350729818901732
"913",-1.22608641098439
"914",-1.06202531454436
"915",-1.33141598512692
"916",0.111147330244043
"917",-1.14670618331215
"918",-1.34501142863769
"919",-0.924754957708088
"920",1.1749385763043
"921",-0.356585239959618
"922",-0.560371865751642
"923",-1.19942839405378
"924",-0.496579303221427
"925",-1.36993149950721
"926",1.16695309658356
"927",-1.30757764522879
"928",0.0198776613881672
"929",-0.10398432588608
"930",0.249593967703284
"931",-2.23236481260336
"932",0.246482469777444
"933",-1.2180451377262
"934",0.766814129235296
"935",0.145864051161861
"936",-0.778637311425117
"937",0.0498829427048084
"938",-0.262931321231234
"939",-1.75215901501672
"940",-0.386657852647691
"941",-0.459152988985875
"942",0.86630074279364
"943",-1.00045543312213
"944",-0.553943352863574
"945",-0.0789204838538416
"946",0.690533424635172
"947",-1.29184038697966
"948",0.366269267272452
"949",1.47177554221723
"950",-1.45530325014779
"951",-1.60612486524373
"952",0.084025991056635
"953",1.14166956587405
"954",-1.22911161134483
"955",0.23807585511275
"956",-0.182433725814843
"957",-0.368218522083861
"958",0.306538355239297
"959",0.199176226236223
"960",0.292296244846786
"961",0.872868748826609
"962",-1.63584126688083
"963",0.296988714114012
"964",-1.04673751919322
"965",0.9240207093167
"966",0.147563683124423
"967",-2.16507034005285
"968",0.562671433240299
"969",-0.318617927153652
"970",0.180842668331588
"971",-1.15596589371084
"972",0.0967879713817498
"973",-0.320210485992955
"974",-0.595981239964543
"975",-0.493074074564362
"976",0.732754450054551
"977",0.618933362689412
"978",-0.785970752379087
"979",0.0460802214164686
"980",-0.633268088551925
"981",2.47611583832966
"982",0.811476019479939
"983",-0.476277816892783
"984",0.317627117361797
"985",0.00610165498999527
"986",-0.221282112655192
"987",-1.41380824499536
"988",0.046559177479832
"989",-0.347329010461315
"990",-0.7600817318669
"991",0.498077142796868
"992",-0.429680092971145
"993",0.917588711786318
"994",-0.683973411584878
"995",-0.406656114831105
"996",-0.0539426062769021
"997",0.33170310696399
"998",-0.140090143073132
"999",0.436467053149553
"1000",0.287660311387886
"1001",-0.875025966946812
"1002",-0.982560503269095
"1003",0.296423699925198
"1004",-1.14512572934815
"1005",0.189890628231621
"1006",-0.0157053873294895
"1007",0.192633028213326
"1008",0.117065167293049
"1009",1.96423982404978
"1010",-0.270829291151048
"1011",0.901209237834033
"1012",0.0159346519376851
"1013",-0.748390427031792
"1014",0.0377250838576917
"1015",0.845674972572551
"1016",-0.0940244976536549
"1017",-2.27015035335701
"1018",-1.5632860876731
"1019",0.560325400549255
"1020",-0.336751608718413
"1021",-0.0476930269769195
"1022",0.123198968357453
"1023",0.454189665413657
"1024",0.779321056820329
"1025",-0.0993058657008558
"1026",-0.418046445819332
"1027",0.523768579120782
"1028",0.00252070870526324
"1029",0.579914097534404
"1030",0.057660290663426
"1031",-0.400721082922557
"1032",0.062408421857621
"1033",-0.455273506920335
"1034",-1.40636319418494
"1035",0.499218264034803
"1036",-0.380988860157995
"1037",-0.126110145566095
"1038",1.11637812425582
"1039",0.246901425612455
"1040",0.594275178509131
"1041",-0.353994941156285
"1042",-0.406019262597725
"1043",0.0165814963380963
"1044",-0.247766297847079
"1045",0.204413447058086
"1046",0.282590384123772
"1047",0.0702364609219843
"1048",-0.717012984960154
"1049",-0.705074140787519
"1050",0.448030967198919
"1051",0.187300541036049
"1052",0.0142851699491396
"1053",0.981607451866166
"1054",0.314776692488571
"1055",-1.0960911975083
"1056",-0.322663988063971
"1057",-1.26127254060229
"1058",-0.416712220149563
"1059",0.277050420421546
"1060",0.227871528103279
"1061",1.47588183328818
"1062",-1.43507859173991
"1063",-0.935173324427914
"1064",-1.2666703032172
"1065",0.355987233962071
"1066",0.19242586692269
"1067",-0.625967432916179
"1068",0.173474595056113
"1069",-2.30804344510297
"1070",0.211065312096578
"1071",0.0441398208964694
"1072",-1.35278820323741
"1073",-1.89190808677808
"1074",0.282274543207872
"1075",-3.04237711801413
"1076",0.418815983158692
"1077",-0.748530490044277
"1078",0.523941392460351
"1079",-1.09205196785851
"1080",0.447118012823214
"1081",-2.36311985041091
"1082",-0.0257592238694803
"1083",-0.349539291773052
"1084",-0.996316441374049
"1085",-0.707888842440031
"1086",1.20251335550957
"1087",-0.312570214056271
"1088",-1.15077214287517
"1089",-1.27950877827987
"1090",0.674709745986652
"1091",-0.693779319546275
"1092",-0.662952398439897
"1093",-0.552160682603592
"1094",0.178134059107171
"1095",0.31886026397618
"1096",-1.58198878957456
"1097",0.341383338318019
"1098",-0.263492594600418
"1099",0.166569515847988
"1100",0.485879476787695
"1101",-0.953877790517652
"1102",0.46371273974597
"1103",0.196376030925134
"1104",-0.920592456663575
"1105",0.22903316771043
"1106",0.594979470473735
"1107",-0.622263885835288
"1108",-1.55063514419617
"1109",0.962688541872986
"1110",-0.355949368256514
"1111",1.01718088292083
"1112",0.318705993384064
"1113",-0.424717929611744
"1114",-0.554661444372227
"1115",0.29881160621931
"1116",0.21049923495145
"1117",-0.453206694258067
"1118",-0.0150516400177074
"1119",-0.151533862645039
"1120",-2.2436604179849
"1121",0.240997773351813
"1122",-1.5517921088539
"1123",-0.923124103485314
"1124",-0.15180094548925
"1125",0.625512727503574
"1126",0.307987687985107
"1127",0.0805237755532086
"1128",-0.67296694628267
"1129",0.387063558286686
"1130",-0.125518627604446
"1131",0.12478329952911
"1132",0.376263932319095
"1133",-0.506321708683574
"1134",0.596446852858054
"1135",-1.82848431962213
"1136",-2.58675907122848
"1137",0.091994487217983
"1138",0.142138269417222
"1139",0.160233794105675
"1140",-0.51914951044007
"1141",-0.702418438156271
"1142",-0.0542885534568571
"1143",0.926719977697404
"1144",0.3829425698821
"1145",-1.26871745314157
"1146",0.633816808206945
"1147",0.479643400445531
"1148",0.306328191925854
"1149",-1.70272539428942
"1150",-0.101693958975225
"1151",0.478822377773531
"1152",-1.33278351021541
"1153",-1.92605054670681
"1154",-0.596434132348205
"1155",-0.171626983697667
"1156",1.47182889704917
"1157",-0.191101089781933
"1158",-1.49616326869508
"1159",0.349168932479249
"1160",0.133809672096761
"1161",-2.32585379544495
"1162",-0.453326468977205
"1163",-0.773545940719589
"1164",0.341708840050916
"1165",-0.276252582110892
"1166",-0.235086090196747
"1167",-1.54862183782815
"1168",0.0523649820671763
"1169",-0.404165578483646
"1170",0.00651029561658382
"1171",-0.00166906027959466
"1172",-0.841547690970474
"1173",-1.55908308411566
"1174",1.11052064652336
"1175",-2.39829541255071
"1176",-1.35877764199955
"1177",-0.0808072723027176
"1178",-2.79631871553285
"1179",0.418311359105879
"1180",0.174494942310593
"1181",0.0930399851292683
"1182",0.951303976162507
"1183",-1.21736954276415
"1184",-0.74207038771891
"1185",-0.13120308280265
"1186",0.0647144455726561
"1187",-2.12645719159833
"1188",0.114517479479139
"1189",-0.15937799068169
"1190",0.506155253400695
"1191",0.67954121058039
"1192",0.119182281586665
"1193",-0.037107676836256
"1194",-1.35646921772858
"1195",0.17486782585134
"1196",-0.00675900074477746
"1197",1.10459466109243
"1198",0.414107256938508
"1199",0.504279672296466
"1200",0.205326397814435
"1201",0.179848050949931
"1202",-0.0572939906446673
"1203",0.900979215239875
"1204",-0.687856659958895
"1205",0.0293881588338408
"1206",-1.05618411383893
"1207",0.578715648566009
"1208",-0.0924752015773488
"1209",-0.93776135903205
"1210",0.928904114598529
"1211",-0.933289388213813
"1212",0.0753977339820259
"1213",0.339928297532093
"1214",0.136685371925482
"1215",0.553455297013359
"1216",0.235046805319396
"1217",0.380795792639614
"1218",0.251349004272823
"1219",0.402168497092682
"1220",-0.0893346822645521
"1221",-1.30534339283361
"1222",-0.0855923003239763
"1223",-1.5941512686471
"1224",0.762212395032085
"1225",0.629381334782004
"1226",0.622526018764748
"1227",-0.192341290602784
"1228",1.12774575005811
"1229",1.09211222726917
"1230",0.483015723050142
"1231",-0.15116065151998
"1232",-0.890774850145474
"1233",-0.0246454141111554
"1234",-0.106904146562531
"1235",2.63211526934067
"1236",-0.516156867177544
"1237",-1.00409557942903
"1238",-0.478662354873137
"1239",0.55307842575348
"1240",-0.684766163689041
"1241",-0.919422312421153
"1242",0.96101467803007
"1243",1.08885580893777
"1244",-0.889970216158413
"1245",-1.31195258461628
"1246",-2.06544004956553
"1247",0.482472037505898
"1248",-0.308353096480548
"1249",0.429324401244268
"1250",-1.47073644955005
"1251",-0.870993171163944
"1252",-0.362317005422476
"1253",0.167179601220143
"1254",-1.86876937140275
"1255",-0.36169154210653
"1256",2.40484389599333
"1257",0.244287503074299
"1258",0.0255806671525145
"1259",1.05232469833719
"1260",-1.65774348563884
"1261",0.166880903368021
"1262",-1.4204229838778
"1263",-0.359076024278731
"1264",-0.327402093502945
"1265",0.541837620247144
"1266",0.463573448639681
"1267",-1.73544492068009
"1268",-0.521514211536757
"1269",-0.827332652663205
"1270",-0.338212266471648
"1271",0.741953101053288
"1272",-0.750615467201827
"1273",-2.56785735194151
"1274",-2.52881762276235
"1275",-0.0370393909909935
"1276",0.377265359016105
"1277",0.346109626290302
"1278",0.710484715039787
"1279",0.805544217956375
"1280",0.568599217749573
"1281",-2.73990970767949
"1282",0.681637819638963
"1283",-0.223382691472241
"1284",-0.102883513106003
"1285",0.582697558126445
"1286",0.940003613545522
"1287",-1.64369146523143
"1288",-0.0899308101147603
"1289",-1.26416568022951
"1290",-2.30654489941176
"1291",-0.718733199493866
"1292",0.0144569589440281
"1293",1.11943719592997
"1294",-0.907647552208155
"1295",0.30450860476757
"1296",0.285705527218423
"1297",-0.32408260253436
"1298",-0.122621944959351
"1299",0.207659772720547
"1300",1.34291484985999
"1301",-2.88752303245971
"1302",-0.327052710669883
"1303",0.24254193545604
"1304",-0.401100878582479
"1305",-0.610751099203518
"1306",-2.11785388935737
"1307",-0.0470038244500171
"1308",-1.21703582241135
"1309",0.669299763245308
"1310",-0.512580048651621
"1311",0.29636948466919
"1312",-0.138229071987792
"1313",0.329987985630945
"1314",0.423843051844791
"1315",0.688115793447205
"1316",2.47256745957776
"1317",-0.23995367748198
"1318",-0.600539183953125
"1319",0.0754564728561298
"1320",0.780134828469838
"1321",-0.76475237783931
"1322",-1.12908460632909
"1323",-0.198496217079989
"1324",-0.737682276127365
"1325",1.05159609336308
"1326",0.351905838430106
"1327",-0.140482588988511
"1328",-2.66599563662951
"1329",0.100123604520239
"1330",-0.38770511048433
"1331",-1.20667225775669
"1332",-1.08217581155069
"1333",-0.639953122461866
"1334",-1.21322284918611
"1335",0.0535616925925139
"1336",1.22222179661837
"1337",-0.0606218617573447
"1338",-0.240861799578017
"1339",0.231988235716673
"1340",2.14115613516227
"1341",0.771743905721345
"1342",0.0150346971145319
"1343",0.291780310535112
"1344",0.818977253694534
"1345",-0.237957193151111
"1346",0.736988175141851
"1347",0.0929156317272817
"1348",-0.495001493600835
"1349",-0.656315156101381
"1350",-0.388079524785984
"1351",-0.994731593555408
"1352",-1.52945778125291
"1353",-0.102499070912456
"1354",0.698576726757572
"1355",-0.278334226838597
"1356",0.414995721289348
"1357",0.153147811487732
"1358",0.356233972882158
"1359",-0.365576175534082
"1360",0.531239066697368
"1361",0.111984163506839
"1362",0.605825727991054
"1363",1.60975493444527
"1364",0.695694439615881
"1365",-0.919433817444078
"1366",0.495006411953713
"1367",0.755887699326778
"1368",0.511370814862595
"1369",0.02382649091099
"1370",-1.09625370815522
"1371",0.259385209323314
"1372",0.306404351654592
"1373",-0.737297240640869
"1374",-0.336269223051175
"1375",0.514030869720165
"1376",0.91257861265373
"1377",-1.56431570993299
"1378",-0.613924320306798
"1379",0.0187453243299172
"1380",-0.29869949473195
"1381",-1.18261027750727
"1382",-0.17141311742056
"1383",-1.54978093501154
"1384",1.44136223894129
"1385",0.0480404529537941
"1386",0.589944712621519
"1387",0.465440841118948
"1388",-1.30224030020283
"1389",0.977854429503576
"1390",0.776583310917976
"1391",-0.976304604675277
"1392",0.339143682817237
"1393",-0.434527522546309
"1394",-0.32720728714799
"1395",0.420692341915227
"1396",-0.0350971262320499
"1397",-0.513371841170982
"1398",-2.18578934865119
"1399",0.877883146744162
"1400",0.0646016785546683
"1401",-0.884351177622179
"1402",-2.98499373517988
"1403",-0.522070912748358
"1404",-0.0243597271880982
"1405",0.411622967141346
"1406",-0.0160546770043258
"1407",-1.06903115361891
"1408",-0.0449950310886699
"1409",-1.23375020879891
"1410",-0.942547745077996
"1411",0.599904858017312
"1412",-0.831543482489249
"1413",-0.304214420256231
"1414",0.00769825264112251
"1415",-0.0545560244545531
"1416",1.06478294702836
"1417",0.0205830984489561
"1418",0.444245421338917
"1419",0.737487813066564
"1420",0.128514430725295
"1421",-1.62825114378004
"1422",0.173750995786948
"1423",0.306365425683996
"1424",-2.85147167398177
"1425",-0.641948229242793
"1426",0.101762659723855
"1427",-0.208267642256695
"1428",-0.228297018622055
"1429",-0.0327986946821974
"1430",-0.848910890033021
"1431",-0.593047771088761
"1432",1.17766921025857
"1433",1.13334743966667
"1434",-1.19455839979626
"1435",-1.98741335695111
"1436",-0.829976612951439
"1437",0.926564650605979
"1438",-2.05144955805533
"1439",-0.709263519923764
"1440",0.488483707659864
"1441",-1.24978198378374
"1442",0.666737713534566
"1443",0.755879517438471
"1444",-0.324452236494392
"1445",-0.585227738083385
"1446",-0.85978868285927
"1447",0.102885237807202
"1448",0.601990914512727
"1449",1.27205667556515
"1450",1.06112898091762
"1451",-0.335229044186881
"1452",1.90827378260073
"1453",0.954631875117504
"1454",0.451474764874913
"1455",1.29540127093383
"1456",-0.256680497178965
"1457",0.558122484267567
"1458",0.0558255758993784
"1459",0.930281903454203
"1460",0.737685252808996
"1461",-0.225600083693542
"1462",-0.911168770381724
"1463",0.294708875314673
"1464",-0.668470262054411
"1465",0.974294694979441
"1466",0.450102610310509
"1467",1.88450740160616
"1468",0.705755142643049
"1469",-0.706422448725413
"1470",0.611277328927056
"1471",0.294362661459216
"1472",-0.159987232788709
"1473",-0.426801797361465
"1474",0.899992048566525
"1475",-0.367182587892995
"1476",-3.72455089443695
"1477",-0.783743326401556
"1478",-0.000191603701674157
"1479",0.989821170604378
"1480",0.73799193058104
"1481",-0.05135580110163
"1482",-1.46018072734227
"1483",0.2239676419181
"1484",0.220261045969613
"1485",-0.319147999957097
"1486",1.28623799341268
"1487",0.176406591104105
"1488",0.689556190507102
"1489",0.0194584530799558
"1490",0.482522651222318
"1491",-0.904626147484497
"1492",-0.200969626826025
"1493",0.694166064744354
"1494",1.07153995093029
"1495",-2.2283885164076
"1496",1.97250915042842
"1497",-1.57952441758873
"1498",1.72860465184625
"1499",0.302136460734476
"1500",-0.280684563562525
"1501",-0.531319166053059
"1502",-0.924601051282187
"1503",-1.0761297739636
"1504",0.841540795233366
"1505",-1.37014884703554
"1506",0.107326615602971
"1507",-0.993660837869905
"1508",1.23071277787585
"1509",0.331832814428918
"1510",0.658241748738058
"1511",1.19808050306238
"1512",-0.786860926078581
"1513",-0.690350221068931
"1514",0.367447677802487
"1515",0.394321549479167
"1516",-0.560430855319543
"1517",-0.138853848541984
"1518",0.613742126120003
"1519",-0.945504363739823
"1520",0.367333128727533
"1521",0.563833525605689
"1522",0.893146752217345
"1523",-1.98225970020419
"1524",-1.44974610467408
"1525",1.03042943864065
"1526",0.30627203661937
"1527",-1.60445345067568
"1528",0.148534346032899
"1529",-0.659275651704665
"1530",0.821877970804675
"1531",-1.38436527980569
"1532",0.0475211693341821
"1533",0.694002695689387
"1534",0.146415265029421
"1535",0.185690231910866
"1536",-0.577138121211077
"1537",0.231609505437063
"1538",0.609065268260363
"1539",-0.330505328341558
"1540",0.275470794793019
"1541",-0.633325359945739
"1542",0.704699780363948
"1543",0.583311905629173
"1544",0.967918959950154
"1545",1.02089701831047
"1546",-1.42645288632822
"1547",0.609779512876193
"1548",-0.148039349553726
"1549",0.419714152071771
"1550",-1.2154842596581
"1551",0.512570494509646
"1552",-0.144386115636093
"1553",-0.607898693235915
"1554",0.127756266504793
"1555",-0.871650163525501
"1556",0.455271252313145
"1557",1.14965153424772
"1558",1.03550064033408
"1559",-0.257712768066414
"1560",-0.62985043900344
"1561",0.416384609748024
"1562",0.264061439088956
"1563",-0.510976770579076
"1564",-1.03891286126998
"1565",3.64920081302457
"1566",-0.0681772697378687
"1567",0.818950072978189
"1568",0.627506026338489
"1569",0.0881875595396957
"1570",0.513642206263953
"1571",-1.06765515777955
"1572",-0.493235266067465
"1573",-0.314844492088978
"1574",-0.307097151395338
"1575",-0.529423852289778
"1576",-0.0213256476393733
"1577",-0.626769082251743
"1578",1.12081135663221
"1579",-0.0391122834093513
"1580",-0.454273959418197
"1581",1.52314441646218
"1582",-0.246018441609026
"1583",0.404046406275906
"1584",-2.6617305508954
"1585",0.279548715240266
"1586",1.16604097025585
"1587",-0.284714860734086
"1588",-1.70840475800628
"1589",-0.123895564443594
"1590",0.520202207021011
"1591",-1.8313940080062
"1592",-0.814486611595272
"1593",-0.566292248581056
"1594",0.551665049712568
"1595",-0.0708289005375742
"1596",-0.153910978643928
"1597",0.0782634911065826
"1598",1.31153344373733
"1599",1.17189869437577
"1600",-0.690699994387195
"1601",-0.167421623132408
"1602",0.0383167625980043
"1603",0.203062151435324
"1604",0.858260736158707
"1605",-1.35327050476532
"1606",0.453372797153452
"1607",-0.354795703105499
"1608",0.0277027600049419
"1609",0.519158070959793
"1610",0.30418947392271
"1611",0.0489831972612729
"1612",-0.099195201710997
"1613",0.958369089066191
"1614",0.0296456204494752
"1615",1.25789959553174
"1616",0.0690243147098495
"1617",-0.493883279001001
"1618",-0.423103955677188
"1619",-1.18361201652953
"1620",0.990813171900808
"1621",0.671978665930557
"1622",0.475380771973168
"1623",1.64455304622315
"1624",-1.20126983612293
"1625",0.0130590213619693
"1626",-0.567695249452227
"1627",0.383888485113616
"1628",0.215987016813898
"1629",-0.0214942569876643
"1630",0.101073651787062
"1631",-0.457214592297119
"1632",0.352200426071052
"1633",0.178611186191662
"1634",1.17430455155271
"1635",-2.58004955377791
"1636",-0.29546820275786
"1637",-1.32102954745625
"1638",-0.878587145100026
"1639",0.751802308723132
"1640",0.221299734019372
"1641",1.54095586679254
"1642",-0.254386865696982
"1643",-0.00828393922857309
"1644",0.254399687596092
"1645",0.19893326728454
"1646",0.579837333705307
"1647",0.230338505940419
"1648",0.329013940313384
"1649",0.477614415890842
"1650",2.74747535577998
"1651",0.666887143539227
"1652",-1.11579964441268
"1653",1.00447133107342
"1654",-1.02355519756013
"1655",-0.0779064132013376
"1656",0.572971623620915
"1657",-2.46948413893662
"1658",-0.0327360836964708
"1659",0.256600993339521
"1660",-0.412271272664393
"1661",1.37087894768627
"1662",-0.393180317103112
"1663",0.0338803495496931
"1664",0.75705034870034
"1665",0.890132979497107
"1666",-0.893947061186477
"1667",-0.305760827980923
"1668",0.658102576404071
"1669",0.588852623387773
"1670",-0.296267612436699
"1671",-0.600515046348287
"1672",1.01064886371072
"1673",0.436694892406166
"1674",-1.50709560791426
"1675",-0.19337777947634
"1676",-1.38025102012131
"1677",0.593083299273907
"1678",0.634143807975726
"1679",0.590037049097419
"1680",-1.54205961468939
"1681",1.44202408190829
"1682",-0.762597416849834
"1683",-0.681911935686756
"1684",1.08354404727487
"1685",0.197690289632784
"1686",-0.179500595732372
"1687",-0.335294142248268
"1688",-1.86574717337844
"1689",0.525636766459563
"1690",0.564629431023224
"1691",-0.0147421383342312
"1692",1.00661448113034
"1693",1.18108422471825
"1694",0.900146240426424
"1695",0.921364278786998
"1696",0.959237374612971
"1697",1.65149862385376
"1698",0.922253502260865
"1699",0.841676171886965
"1700",0.825408594213169
"1701",0.10665624914648
"1702",0.126062399645978
"1703",-0.277198129430255
"1704",0.165196600312166
"1705",-0.682752194027234
"1706",0.328850623832284
"1707",-0.221141650095379
"1708",-0.0918411263101225
"1709",-0.00858678869271886
"1710",-1.01945375453251
"1711",-2.12857021013472
"1712",-0.0938730675146967
"1713",0.452769019726997
"1714",-2.47437341619111
"1715",0.421532409511553
"1716",0.504182382817651
"1717",0.522343317107538
"1718",-1.48341339774253
"1719",0.260319985027641
"1720",0.763144794329522
"1721",-0.285550652070724
"1722",0.813137204252357
"1723",-0.229471652698709
"1724",-0.0874609618186124
"1725",-1.58534635635397
"1726",0.58222299464761
"1727",1.32074862162011
"1728",0.770667438052067
"1729",0.529286229377725
"1730",0.583635670357092
"1731",0.317792428665349
"1732",-0.576365977487724
"1733",0.687312311674573
"1734",1.1966093129486
"1735",0.593148811981365
"1736",-0.0716059699512626
"1737",0.18320263857178
"1738",1.25837606367248
"1739",1.18147252522514
"1740",-0.416591002463906
"1741",-0.0284131409039419
"1742",0.815683319872044
"1743",-0.703417513209077
"1744",1.05117573291955
"1745",0.889209009147988
"1746",0.248977374594805
"1747",-0.972429149281388
"1748",-0.543524374867188
"1749",0.571950517776922
"1750",0.754161399662393
"1751",0.834415800134343
"1752",0.90405861393035
"1753",0.972048459823083
"1754",1.04418228322074
"1755",0.826271682108134
"1756",1.38850298856227
"1757",0.639839949875921
"1758",0.889099823009211
"1759",0.936136400353196
"1760",-0.782251355018827
"1761",0.593889531730799
"1762",0.952948034703586
"1763",-0.652887618790093
"1764",-0.534421199139914
"1765",0.226354899936715
"1766",-0.726308048951746
"1767",0.489191960998637
"1768",0.658978543532717
"1769",0.920250352899432
"1770",-0.180101882616449
"1771",-0.937503794127013
"1772",0.599592021859209
"1773",-1.16504836977085
"1774",1.53411676100288
"1775",-0.0266728124463102
"1776",0.588263730056123
"1777",0.27809269447099
"1778",-0.486537898135775
"1779",-0.881363871603772
"1780",0.973674831062622
"1781",0.515212947269869
"1782",0.667712945321266
"1783",0.866695669983334
"1784",1.43468861990696
"1785",-2.25827124818354
"1786",-0.119008062866676
"1787",-2.46028472277629
"1788",0.732011192495867
"1789",0.122106012357731
"1790",0.119266149086925
"1791",-0.0604662724741522
"1792",0.549163422580904
"1793",1.1967898803175
"1794",-0.294657513488628
"1795",0.275949897777243
"1796",-0.584636022403458
"1797",-1.18692515174703
"1798",-0.14926466670164
"1799",0.964075235757734
"1800",0.371999306516543
"1801",0.716357817667085
"1802",0.8106960141201
"1803",-0.349032156654281
"1804",0.19792395164542
"1805",-0.989474774804415
"1806",0.406012475591125
"1807",1.17965480077553
"1808",-2.63680295263748
"1809",0.0062957974960801
"1810",1.97916036434448
"1811",-0.0937341945430222
"1812",0.863469823579392
"1813",-0.00392051738136165
"1814",0.791793719175512
"1815",0.541743828487155
"1816",0.233339796327017
"1817",0.561714807516536
"1818",3.51363684611361
"1819",0.484838730090083
"1820",0.153755391978856
"1821",0.0141671279692766
"1822",2.04793680764071
"1823",-0.182173527901185
"1824",0.18851082437463
"1825",-1.87718068923994
"1826",-0.729740177316941
"1827",-0.321570807384945
"1828",-1.7521507207182
"1829",0.669421043914921
"1830",0.398014542754727
"1831",0.450582396080278
"1832",-0.151616190485462
"1833",1.06968216805223
"1834",1.89780232449557
"1835",-2.17970402296354
"1836",1.05349922292283
"1837",0.744211560580521
"1838",0.088526965488444
"1839",0.812385987318232
"1840",0.957895438573713
"1841",0.55887097854178
"1842",-0.014863170735712
"1843",-0.184328384976647
"1844",0.515607938826617
"1845",0.520867754214577
"1846",1.62078258928079
"1847",-0.851236150729788
"1848",1.68726937974029
"1849",0.361237279573001
"1850",0.98413890166689
"1851",2.04402402257896
"1852",1.05871738593681
"1853",0.554826873639452
"1854",0.461938044424181
"1855",2.43670741975339
"1856",0.476506376383647
"1857",-1.42337864357516
"1858",1.4724639912826
"1859",1.25911365318838
"1860",1.13816639414302
"1861",0.0503522982023189
"1862",-0.0712871564417672
"1863",0.0820003935001054
"1864",0.644411244825238
"1865",-0.546215634133184
"1866",1.00303273341817
"1867",1.47055418861296
"1868",0.498467365897725
"1869",-0.197819537618843
"1870",1.16435920541259
"1871",0.775219663921419
"1872",0.532669135632377
"1873",0.496326054419977
"1874",5.06483040577162
"1875",0.34113192050703
"1876",-0.331756596329
"1877",-0.544663280298555
"1878",0.115894189271115
"1879",-0.60609160780062
"1880",0.176394209351866
"1881",0.118439668690279
"1882",-0.35135586715023
"1883",0.566989154583449
"1884",0.210031359268698
"1885",-0.0811736512571514
"1886",-1.32004029659283
"1887",0.786017545412369
"1888",-1.46332762047665
"1889",1.75014663028955
"1890",2.05934963316405
"1891",0.27916265486546
"1892",2.23602258131103
"1893",-0.693782997633201
"1894",0.737399528946524
"1895",0.949196101000474
"1896",1.24540857156124
"1897",-1.72458555664697
"1898",0.200541786773586
"1899",-0.19441528006683
"1900",2.45795892444377
"1901",1.04494788726165
"1902",1.29912244276757
"1903",-0.392784538746911
"1904",-1.88756386617854
"1905",1.11307762074601
"1906",1.47994538621787
"1907",1.62199497770617
"1908",1.56360259108432
"1909",-0.586723774678987
"1910",-0.264235485121002
"1911",-0.868825488937574
"1912",1.55364291735377
"1913",-0.601313159901271
"1914",1.64058013357006
"1915",1.4472275498454
"1916",-1.74292915121351
"1917",1.78833414987272
"1918",1.06207284155043
"1919",1.42716945126192
"1920",1.02590597869922
"1921",-0.270677002735744
"1922",-0.779769998702814
"1923",2.01187347343686
"1924",1.26588314013331
"1925",2.02244845367
"1926",-0.00314797227159182
"1927",-0.334207375314965
"1928",1.41667022255122
"1929",-2.5421698274629
"1930",1.99406154453553
"1931",0.473534925056183
"1932",-0.769346744007888
"1933",0.404892633655322
"1934",-0.104689034637001
"1935",1.23080220086076
"1936",1.10327339848888
"1937",-0.531571599983431
"1938",-1.25171434239235
"1939",-0.560741571903295
"1940",2.59202929700538
"1941",1.01414787337007
"1942",-2.53732061827582
"1943",0.995735772476963
"1944",1.61412726695671
"1945",1.34906550291007
"1946",-0.149317948948073
"1947",1.36908378503878
"1948",-0.19434111926183
"1949",1.80134181809356
"1950",-1.9060481449264
"1951",0.863334346084505
"1952",-2.02052896429774
"1953",0.379570287211889
"1954",1.7065677962238
"1955",0.591027456048452
"1956",-2.71134740482141
"1957",0.493395824830203
"1958",-2.16600721988023
"1959",0.637494439609442
"1960",0.0374270951515259
"1961",-2.41207735333671
"1962",-0.608007474635047
"1963",-1.01094571891016
"1964",0.662465257274791
"1965",1.56038973268813
"1966",-0.358191026829578
"1967",0.714367723927305
"1968",-2.39152383972803
"1969",1.42568969777851
"1970",1.43355822237208
"1971",1.05482352556899
"1972",-1.76865992831608
"1973",1.84356547804765
"1974",-1.58313563565501
"1975",0.869245458769381
"1976",-1.21244179600635
"1977",0.801740829730051
"1978",0.602408937817498
"1979",-2.47208593346229
"1980",-2.14411608907974
"1981",-1.51839139127176
"1982",1.6435506641214
"1983",-1.16038980098733
"1984",-2.11733393787526
"1985",1.52270310921271
"1986",2.8306129848064
"1987",-2.35525790189415
"1988",1.29946977725613
"1989",1.04675797838383
"1990",-1.81225623484019
"1991",0.573902367744251
"1992",1.80165173778039
"1993",1.67113471138982
"1994",0.374289829725539
"1995",1.81605358891371
"1996",0.856349103100593
"1997",0.542956839401749
"1998",-0.352406887771202
"1999",-0.537906229324242
"2000",1.57184186934047
"2001",4.88980284963461
"2002",-0.152243337716567
"2003",-2.46637031487062
"2004",1.70080051741802
"2005",-2.10861964452683
"2006",1.99401960701248
"2007",1.60316176250321
"2008",-2.14436695087836
"2009",-2.14648136537185
"2010",0.549289296867181
"2011",0.61773579774542
"2012",1.87698384913688
"2013",-2.01605081832795
"2014",1.46079391118839
"2015",1.75481696171442
"2016",-0.776559337814246
"2017",1.52829180172619
"2018",1.48453316710566
"2019",0.910775212461382
"2020",-2.07480716061178
"2021",-2.33711947925983
"2022",-0.208488478919191
"2023",-1.44000236891955
"2024",1.45765153740698
"2025",1.44046092566539
"2026",2.49207752646204
"2027",1.78994468732614
"2028",-1.47603952034356
"2029",1.20585682328802
"2030",0.210179664143848
"2031",-0.943037856140087
"2032",0.850742627352117
"2033",0.706539405714612
"2034",0.333864594871579
"2035",1.137756131333
"2036",1.11694135750343
"2037",0.783822867563005
"2038",1.57990408120518
"2039",0.769975187367898
"2040",0.376485514820902
"2041",1.10690166200816
"2042",0.722368999463623
"2043",0.981710508430018
"2044",-2.43416372696248
"2045",1.31632063858384
"2046",-2.5251778102312
"2047",-2.26632613482392
"2048",-1.40217378052707
"2049",1.30374226316042
"2050",2.21040226057647
"2051",-0.600561893164582
"2052",1.0136642942699
"2053",1.371474185539
"2054",0.472044747353484
"2055",1.18408011747071
"2056",1.86990727311319
"2057",2.06419032076831
"2058",-0.273323983380016
"2059",2.01117792492182
"2060",1.44418954999019
"2061",0.927913722054564
"2062",1.57943495041067
"2063",0.891825784151236
"2064",1.40990870993658
"2065",0.862805661415134
"2066",0.925439128071362
"2067",1.90509388408121
"2068",1.62702927874297
"2069",1.36956286660126
"2070",-2.26844163626135
"2071",1.37727482984568
"2072",1.55370701373576
"2073",-1.35024897428141
"2074",1.38362833416056
"2075",2.3815126312739
"2076",0.265605737315711
"2077",0.753990224164263
"2078",1.6641729217574
"2079",0.128380606259596
"2080",1.43825695458323
"2081",1.35298610691374
"2082",0.629537637953025
"2083",0.0506258233596852
"2084",1.0707207499252
"2085",2.063011425261
"2086",1.45202781001461
"2087",0.47258144436102
"2088",0.122342861221651
"2089",1.66240640891604
"2090",0.67946511252625
"2091",-2.66930830788456
"2092",-0.199172759916702
"2093",2.7046481831185
"2094",1.22643133672574
"2095",-0.834548557286289
"2096",0.745676743751812
"2097",0.244644726483132
"2098",2.23609097899564
"2099",-2.89124876360578
"2100",2.87923950480438
"2101",1.78669598908289
"2102",2.04187292540866
"2103",0.537666538897942
"2104",0.907417213108798
"2105",0.798265704450526
"2106",1.39346234520351
"2107",0.560885721402544
"2108",0.613166157866003
"2109",1.79572162112064
"2110",1.90885976291352
"2111",1.3826767622215
"2112",1.36665609812629
"2113",3.45094078830747
"2114",0.299435042929408
"2115",0.488511928640256
"2116",2.64270391646297
"2117",0.624357836975224
"2118",0.93062172006131
"2119",0.133314840498809
"2120",1.72278536830418
"2121",0.264236558574176
"2122",1.76513641803613
"2123",1.0559426198365
"2124",1.23532468484238
"2125",-1.77641363987629
"2126",1.54816002080412
"2127",1.43929721293498
"2128",-2.51958205803521
"2129",-0.93268141946552
"2130",1.99025276029347
"2131",1.251019911876
"2132",0.538198394010517
"2133",1.64820055871885
"2134",1.69884444328828
"2135",1.11049714606388
"2136",-0.436809324032833
"2137",1.05424543004716
"2138",-2.60260009020775
"2139",0.550963326210289
"2140",2.12774107628528
"2141",1.241709529063
"2142",1.45880508746161
"2143",0.562914293628145
"2144",-0.16028496700325
"2145",0.290613982236862
"2146",1.01988395443068
"2147",1.11696133784993
"2148",1.41489651237815
"2149",1.44064228359256
"2150",0.888436976391163
"2151",1.04367513170294
"2152",-0.0106188746531165
"2153",1.57613482237158
"2154",0.00621794443413155
"2155",1.81859924656573
"2156",0.950904020367963
"2157",1.6632642574787
"2158",1.48986500022237
"2159",2.23589121193737
"2160",1.56787109298899
"2161",-0.623802654423426
"2162",0.195288039502541
"2163",-0.565692864358753
"2164",-1.57826902341427
"2165",1.66896187813877
"2166",-1.65419096126499
"2167",1.08857716631547
"2168",2.56685572371024
"2169",-0.892807014115158
"2170",1.51023662657766
"2171",0.510357373416705
"2172",0.782727773691807
"2173",-3.76684968897121
"2174",1.79910274230442
"2175",2.73589119513715
"2176",0.314799411432879
"2177",2.70963398774175
"2178",-1.00151142551389
"2179",0.880770141781868
"2180",-0.187062160375873
"2181",1.62627673671802
"2182",1.59627041496131
"2183",1.12421834427259
"2184",1.5373982291928
"2185",3.30008818090796
"2186",2.1679686043796
"2187",3.26474940808587
"2188",-2.51357454114996
"2189",0.161728523586574
"2190",2.00470069072946
"2191",0.864619039747023
"2192",-2.14621299945653
"2193",-0.0409827926998724
"2194",2.16229097325446
"2195",-0.03540859815977
"2196",1.34344448949155
"2197",1.26882727052963
"2198",2.60368255854925
"2199",2.34027142214218
"2200",2.16778518051461
"2201",3.27166390385275
"2202",2.36604131184198
"2203",-0.408395334675613
"2204",1.50082276261755
"2205",0.170840376789486
"2206",-1.86860953524365
"2207",1.11649801745049
"2208",1.46188132995951
"2209",1.59643669725907
"2210",2.08225149371431
"2211",1.0843786034155
"2212",-0.807234477530439
"2213",-0.0916926055788443
"2214",1.35233205652426
"2215",1.58570946645311
"2216",1.47544609973224
"2217",0.632476960957965
"2218",0.792751021966517
"2219",1.91163561470377
"2220",-0.868490523687058
"2221",5.34656710485333
"2222",0.10351635193312
"2223",1.17805994532797
"2224",2.39306795886035
"2225",-4.04316410361023
"2226",1.69460496031462
"2227",-0.317965137744247
"2228",0.866808879753266
"2229",3.27317592336607
"2230",1.52633865979834
"2231",0.85051393509995
"2232",-1.14809491253115
"2233",2.8449365940353
