SampleID,forwardBarcodeSequence,reverseBarcodeSequence,LibraryNumber,Direction,LibraryName,ProjectName,Region,BarcodeNo,CarbonSource,DNA_conc,Description,Rep_Sample,Acetate,Butyrate,Formate,Isobutyrate,Lactate,Propionate,Hydrogen_gas,Hydrogen_bottle,Rep,Timepoint,CopyNumber
B1T0,AGGTCGAA,AGGTCGAA,1,p,"NG-20110_2019_0016_lib334815_6442_2_1.fastq.gz,NG-20110_2019_0016_lib334815_6442_2_2.fastq.gz",DbMM-10,V5V6,GUT_784F_1064R - 11,FourC,11.491,DbMM,B1_T0,28.735409,0,0.857358652,0,1.378493175,2.576809639,0,0,B1,T0,21708793.97
B2T0,AGGTTATG,AGGTTATG,1,p,"NG-20110_2019_0016_lib334815_6442_2_1.fastq.gz,NG-20110_2019_0016_lib334815_6442_2_2.fastq.gz",DbMM-10,V5V6,GUT_784F_1064R - 12,FourC,6.502,DbMM,B2_T0,27.64607865,0,0.320134737,0,1.115766125,2.494372781,0,0,B2,T0,20860679.29
B3T0,AGTCGCGC,AGTCGCGC,1,p,"NG-20110_2019_0016_lib334815_6442_2_1.fastq.gz,NG-20110_2019_0016_lib334815_6442_2_2.fastq.gz",DbMM-10,V5V6,GUT_784F_1064R - 13,FourC,7.296,DbMM,B3_T0,27.70512832,0,0.331749445,0,1.078686962,2.445622105,0,0,B3,T0,23099081.21
B4T0,AGTTATGC,AGTTATGC,1,p,"NG-20110_2019_0016_lib334815_6442_2_1.fastq.gz,NG-20110_2019_0016_lib334815_6442_2_2.fastq.gz",DbMM-10,V5V6,GUT_784F_1064R - 14,FourC,93.212,DbMM,B4_T0,27.39920245,0,0.64359311,0,1.179891309,2.450430793,0,0,B4,T0,87844393.17
B1T24,ATATCCGC,ATATCCGC,1,p,"NG-20110_2019_0016_lib334815_6442_2_1.fastq.gz,NG-20110_2019_0016_lib334815_6442_2_2.fastq.gz",DbMM-10,V5V6,GUT_784F_1064R - 15,FourC,92.958,DbMM,B1_T24,27.06585287,16.61526127,4.701462225,0,4.902289542,4.336492395,1.816739597,4.755862819,B1,T24,12343132267
B2T24,ATGCCGGA,ATGCCGGA,1,p,"NG-20110_2019_0016_lib334815_6442_2_1.fastq.gz,NG-20110_2019_0016_lib334815_6442_2_2.fastq.gz",DbMM-10,V5V6,GUT_784F_1064R - 16,FourC,95.378,DbMM,B2_T24,26.27502349,16.77507458,3.428240583,0,3.470297759,4.665329817,1.756421093,4.597960977,B2,T24,14888363456
B3T24,ATGCGATT,ATGCGATT,1,p,"NG-20110_2019_0016_lib334815_6442_2_1.fastq.gz,NG-20110_2019_0016_lib334815_6442_2_2.fastq.gz",DbMM-10,V5V6,GUT_784F_1064R - 17,FourC,86.871,DbMM,B3_T24,26.02415696,15.30651563,4.340806865,0,7.169377347,3.580023072,1.480225824,3.874936712,B3,T24,16070672884
B4T24,CAACCTCT,CAACCTCT,1,p,"NG-20110_2019_0016_lib334815_6442_2_1.fastq.gz,NG-20110_2019_0016_lib334815_6442_2_2.fastq.gz",DbMM-10,V5V6,GUT_784F_1064R - 18,FourC,76.295,DbMM,B4_T24,28.24835207,10.72363349,2.004343638,0,5.804676832,3.1597675,1.987097752,5.201826577,B4,T24,22234098974
B1T48,CAACGAGG,CAACGAGG,1,p,"NG-20110_2019_0016_lib334815_6442_2_1.fastq.gz,NG-20110_2019_0016_lib334815_6442_2_2.fastq.gz",DbMM-10,V5V6,GUT_784F_1064R - 19,FourC,113.547,DbMM,B1_T48,25.9164472,21.16638018,4.060683936,0,0,9.330743519,2.215862838,6.172319884,B1,T48,11898875880
B2T48,CATAAGCG,CATAAGCG,1,p,"NG-20110_2019_0016_lib334815_6442_2_1.fastq.gz,NG-20110_2019_0016_lib334815_6442_2_2.fastq.gz",DbMM-10,V5V6,GUT_784F_1064R - 20,FourC,54.295,DbMM,B2_T48,21.76055852,19.40504364,3.512249151,0,0,6.884226639,2.04235665,5.689015739,B2,T48,11569368042
B3T48,CATGATGC,CATGATGC,1,p,"NG-20110_2019_0016_lib334815_6442_2_1.fastq.gz,NG-20110_2019_0016_lib334815_6442_2_2.fastq.gz",DbMM-10,V5V6,GUT_784F_1064R - 21,FourC,71.867,DbMM,B3_T48,22.59040951,23.80062059,3.433571919,0,0,5.752565359,2.2148607,6.169528413,B3,T48,13552395015
B4T48,CATTGCCA,CATTGCCA,1,p,"NG-20110_2019_0016_lib334815_6442_2_1.fastq.gz,NG-20110_2019_0016_lib334815_6442_2_2.fastq.gz",DbMM-10,V5V6,GUT_784F_1064R - 22,FourC,53.569,DbMM,B4_T48,25.13609867,19.81234677,2.687733094,0,6.393739668,4.093234207,2.318024137,6.456891746,B4,T48,22161798608
B1T72,CCATGCGC,CCATGCGC,1,p,"NG-20110_2019_0016_lib334815_6442_2_1.fastq.gz,NG-20110_2019_0016_lib334815_6442_2_2.fastq.gz",DbMM-10,V5V6,GUT_784F_1064R - 23,FourC,6.471,DbMM,B1_T72,25.52257493,23.90605535,4.191490449,0,0,11.00289343,2.345469048,6.980562644,B1,T72,11765029432
B2T72,CCATTATG,CCATTATG,1,p,"NG-20110_2019_0016_lib334815_6442_2_1.fastq.gz,NG-20110_2019_0016_lib334815_6442_2_2.fastq.gz",DbMM-10,V5V6,GUT_784F_1064R - 24,FourC,19.595,DbMM,B2_T72,25.78571083,25.01975492,4.328292932,0,0,10.24123424,2.026290552,6.030626644,B2,T72,12224488598
B3T72,CCGTACTA,CCGTACTA,1,p,"NG-20110_2019_0016_lib334815_6442_2_1.fastq.gz,NG-20110_2019_0016_lib334815_6442_2_2.fastq.gz",DbMM-10,V5V6,GUT_784F_1064R - 25,FourC,7.626,DbMM,B3_T72,22.07183761,27.73015988,3.612834152,0,0,8.268998671,2.365499698,7.040177674,B3,T72,14474099977
B4T72,CCGTCTGC,CCGTCTGC,1,p,"NG-20110_2019_0016_lib334815_6442_2_1.fastq.gz,NG-20110_2019_0016_lib334815_6442_2_2.fastq.gz",DbMM-10,V5V6,GUT_784F_1064R - 26,FourC,91.097,DbMM,B4_T72,22.27149208,27.11674702,2.883506539,0,0,5.951572063,3.018117767,8.982493355,B4,T72,18441380330
B1T96,CGCAAGCT,CGCAAGCT,1,p,"NG-20110_2019_0016_lib334815_6442_2_1.fastq.gz,NG-20110_2019_0016_lib334815_6442_2_2.fastq.gz",DbMM-10,V5V6,GUT_784F_1064R - 27,FourC,88.485,DbMM,B1_T96,25.22395254,24.60750205,4.191868346,0,0,11.28024586,2.324445079,7.426342106,B1,T96,11860751449
B2T96,CGGAAGAG,CGGAAGAG,1,p,"NG-20110_2019_0016_lib334815_6442_2_1.fastq.gz,NG-20110_2019_0016_lib334815_6442_2_2.fastq.gz",DbMM-10,V5V6,GUT_784F_1064R - 28,FourC,93.987,DbMM,B2_T96,25.24388551,25.16666207,4.225019225,0,0,10.65006013,2.144100952,6.850162785,B2,T96,9125954236
B3T96,CTAGGAGA,CTAGGAGA,1,p,"NG-20110_2019_0016_lib334815_6442_2_1.fastq.gz,NG-20110_2019_0016_lib334815_6442_2_2.fastq.gz",DbMM-10,V5V6,GUT_784F_1064R - 29,FourC,103.734,DbMM,B3_T96,21.93345407,27.54389753,3.740875716,0,0,9.20549788,2.368855865,7.5682296,B3,T96,9499836315
B4T96,CTCAGCGC,CTCAGCGC,1,p,"NG-20110_2019_0016_lib334815_6442_2_1.fastq.gz,NG-20110_2019_0016_lib334815_6442_2_2.fastq.gz",DbMM-10,V5V6,GUT_784F_1064R - 30,FourC,101.384,DbMM,B4_T96,21.87398843,28.57496357,2.994952443,0,0,8.780699827,2.993789653,9.564823173,B4,T96,9842388239
Mix1T0,CTCAGTCT,CTCAGTCT,1,p,"NG-20110_2019_0016_lib334815_6442_2_1.fastq.gz,NG-20110_2019_0016_lib334815_6442_2_2.fastq.gz",DbMM-10,V5V6,GUT_784F_1064R - 31,Inoculum,93.493,DbMM,Mix1_T0,0,0,0,0,0,0,0,0,Mix,X,5460737261
Mix2T0,CTCGCGTA,CTCGCGTA,1,p,"NG-20110_2019_0016_lib334815_6442_2_1.fastq.gz,NG-20110_2019_0016_lib334815_6442_2_2.fastq.gz",DbMM-10,V5V6,GUT_784F_1064R - 32,Inoculum,99.555,DbMM,Mix2_T0,0,0,0,0,0,0,0,0,Mix,X,6755718486
B1T0_2,CTTGCGAG,CTTGCGAG,1,p,"NG-20110_2019_0016_lib334815_6442_2_1.fastq.gz,NG-20110_2019_0016_lib334815_6442_2_2.fastq.gz",DbMM-10,V5V6,GUT_784F_1064R - 33,Repeat,101.704,DbMM,B1_T0,0,0,0,0,0,0,0,0,B1_t0,X,0
MOCK3,CTTGGCCT,CTTGGCCT,1,p,"NG-20110_2019_0016_lib334815_6442_2_1.fastq.gz,NG-20110_2019_0016_lib334815_6442_2_2.fastq.gz",DbMM-10,V5V6,GUT_784F_1064R - 34,Mck,0,MOCK 3,MOCK3,0,0,0,0,0,0,0,0,M,X,0
MOCK4,GAACCGTT,GAACCGTT,1,p,"NG-20110_2019_0016_lib334815_6442_2_1.fastq.gz,NG-20110_2019_0016_lib334815_6442_2_2.fastq.gz",DbMM-10,V5V6,GUT_784F_1064R - 35,Mck,0,MOCK 4,MOCK4,0,0,0,0,0,0,0,0,M,X,0
