	Taxon	Module	B1T48	B2T48	B2T24	B3T48	B1T24	B3T24
1	Anaerobutyricum_soehngenii	MF0061	39.3137746155096	37.6157694112967	92.352507095053	115.729515429511	64.1769539312279	16.976382261117
2	Anaerobutyricum_soehngenii	MF0060	54.315083350375	47.0655846536469	118.691706612616	138.414285484781	78.81926866311	13.956545031976
3	Anaerobutyricum_soehngenii	MF0104	91.1933006569194	57.7769043579612	1559.63327017803	314.983610439576	1023.59904980724	16.4458703154571
4	Anaerobutyricum_soehngenii	MF0028	12.7597338664373	18.5326473684925	35.0454621196024	38.824426127381	24.3000116826979	4.89703334455298
5	Anaerobutyricum_soehngenii	MF0102	3.96586322875755	7.29378943462947	14.4920700274457	17.6271819773741	12.3836597998365	3.87681806443778
6	Anaerobutyricum_soehngenii	MF0026	12.7597338664373	18.5326473684925	35.0454621196024	38.824426127381	24.3000116826979	4.89703334455298
7	Anaerobutyricum_soehngenii	MF0067	39.3137746155096	37.6157694112967	92.352507095053	115.729515429511	64.1769539312279	14.6911000336589
8	Anaerobutyricum_soehngenii	MF0068	99.8362960630704	94.9568813187612	130.042909751984	161.322184425842	94.2404299232838	33.6262956325971
9	Anaerobutyricum_soehngenii	MF0021	50.0043624495516	43.6709908287249	85.2993323288437	100.259246014769	187.857782623934	3.26468889636865
10	Anaerobutyricum_soehngenii	MF0065	20.2603882338701	19.8170882752198	36.0373148211007	32.3536884394842	43.1480976673546	2.53013389468571
11	Anaerobutyricum_soehngenii	MF00025	2.58643254049405	6.51395031268794	6.66745427118222	8.18139247895001	4.51730986409128	1.71396167059354
12	Anaerobutyricum_soehngenii	MF00026	2.75886137652699	6.33045875458408	6.39193963187718	9.9292354176348	4.6730791697496	0.856980835296771
13	Anaerobutyricum_soehngenii	MF0018	17.5877412753595	13.3948837415837	42.9802837315879	40.7582098042237	44.5500214182795	6.20290890310044
14	Anaerobutyricum_soehngenii	MF00023	1.98293161437877	4.95427206880493	4.62864594032485	3.79319105842228	4.41346366031907	1.79557889300276
15	Anaerobutyricum_soehngenii	MF00024	2.93129021255992	6.23871297553211	7.16338062193131	8.99953172684501	5.91923361501616	1.79557889300276
16	Anaerobutyricum_soehngenii	MF00021	13.7080924646185	22.477715867726	28.8739341991693	34.1387195258006	24.7673195996729	15.4256550353419
17	Anaerobutyricum_soehngenii	MF00020	6.37986693321866	10.6425103700254	22.7024062787362	18.4453212252691	16.5115463997819	3.26468889636865
18	Anaerobutyricum_soehngenii	MF0074	5.00043624495516	22.0189869724664	13.8859378209746	25.734198161061	6.2307722263328	13.7116933647483
19	Anaerobutyricum_soehngenii	MGB006	13.621878046602	17.4316980198692	38.7924612141511	49.5346126452792	24.6115502940146	6.69261223755574
20	Anaerobutyricum_soehngenii	MF0073	493.663757562298	363.680268161903	6686.63009007786	1899.71933361219	3772.10950582188	161.765334815067
21	Anaerobutyricum_soehngenii	MGB007	16.5531682591619	28.6246830642063	54.8825161495661	50.2039993026478	39.0980957202383	4.97865056696219
22	Anaerobutyricum_soehngenii	MF0071	20.2603882338701	19.8170882752198	36.0373148211007	32.3536884394842	43.1480976673546	2.53013389468571
23	Anaerobutyricum_soehngenii	MF0038	11.9838041042891	14.1288499739992	25.4575526717867	26.3292085231664	17.2903929280735	0
24	Anaerobutyricum_soehngenii	MF00609	5.86258042511985	7.89013699846711	22.7024062787362	17.7015582726373	17.1346236224152	3.26468889636865
25	Anaerobutyricum_soehngenii	MF0078	8.27658412958096	10.0920356957137	35.7066972539346	26.6267137042192	17.7577008450485	0.816172224092163
26	Anaerobutyricum_soehngenii	MF0076	2.75886137652699	12.6609175091682	2.42452882588445	11.7514546515828	2.18077027921648	0.652937779273731
27	Anaerobutyricum_soehngenii	MF00526	4.13829206479048	10.6425103700254	21.82075943296	17.2553005010582	16.5115463997819	3.91762667564238
28	Anaerobutyricum_soehngenii	MF00845	4.56936415487282	7.79839121941517	16.8614959254691	16.2884086626369	14.3307761205655	2.0404305602304
29	Anaerobutyricum_soehngenii	MF0033	1.72428836032937	6.60569609173991	7.0531747662093	11.1564442894773	4.05000194711632	0.816172224092163
30	Anaerobutyricum_soehngenii	MF00527	8.4490129656139	11.376476602441	19.1758188956315	26.3292085231664	16.5115463997819	3.42792334118709
31	Anaerobutyricum_soehngenii	MF00019	13.8230450219737	18.318573884038	32.951550860884	39.1963076036969	27.0519360826615	5.19629649338677
32	Anaerobutyricum_soehngenii	MF00016	7.41443994941628	11.376476602441	19.1758188956315	19.0403315873746	16.5115463997819	3.42792334118709
33	Anaerobutyricum_soehngenii	MF00017	4.65557857288929	11.376476602441	22.7024062787362	18.4453212252691	16.5115463997819	3.26468889636865
34	Anaerobutyricum_soehngenii	MF0108	152.08223338105	124.040293278227	353.540385156241	375.302785898016	249.853966275945	25.4645733916755
35	Anaerobutyricum_soehngenii	MF00015	3.83654160173284	4.63316184212313	6.17152792043313	8.10701618368683	5.91923361501616	0.897789446501379
36	Anaerobutyricum_soehngenii	MF0106	8.27658412958096	10.0920356957137	35.7066972539346	26.6267137042192	17.7577008450485	0.816172224092163
37	Anaerobutyricum_soehngenii	MF0107	36.1238411489002	29.9091239709335	75.9318345924721	84.640224009501	48.6000233653958	4.40733001009768
38	Anaerobutyricum_soehngenii	MF00570	11.4377794568515	16.0860932604407	28.8739341991693	30.7917862389574	24.1961654789257	4.73379889973455
39	Anaerobutyricum_soehngenii	MF0086	34.6581960426203	25.1383434602324	154.067786299385	80.2520225889734	86.6077339460258	8.9778944650138
40	Anaerobutyricum_soehngenii	MF0049	6.98336785933394	18.7161389265964	15.6492315125269	24.0235433700078	10.2807741734491	9.22274613224143
41	Anaerobutyricum_soehngenii	MF0047	16.5531682591619	28.6246830642063	54.8825161495661	50.2039993026478	39.0980957202383	4.97865056696219
42	Anaerobutyricum_soehngenii	MF0048	8.27658412958096	13.5783752996876	9.69811530353778	26.0317033421137	9.03461972818256	5.71320556864514
43	Anaerobutyricum_soehngenii	MF0045	12.7597338664373	18.5326473684925	35.0454621196024	38.824426127381	24.3000116826979	4.89703334455298
44	Anaerobutyricum_soehngenii	MF0002	10.2020394652821	14.587578869259	32.9882861461247	32.8495304079054	24.9750120072173	1.95881333782119
45	Anaerobutyricum_soehngenii	MF0087	307.526829064743	203.583883716262	998.24464113006	892.218037977132	533.665641185405	45.1343239922967
46	Anaerobutyricum_soehngenii	MF00525	7.93172645751509	11.0094934862332	20.4982891642957	22.6847700552705	16.8230850110985	3.67277500841474
47	Anaerobutyricum_soehngenii	MF00844	4.82800740892223	7.15617076605157	22.2615828558481	16.3627849579	19.938471124265	2.12204778263962
48	Anaerobutyricum_soehngenii	MF0097	5.60393717107045	13.3031379625317	23.9146706916784	20.8997389689541	15.7326998714903	1.71396167059354
49	Anaerobutyricum_soehngenii	MF0050	0.344857672065873	1.37618668577914	1.6530878358303	1.63627849579	1.86923166789984	0.244851667227649
50	Anaerobutyricum_soehngenii	MF0051	1.03457301619762	5.22950940596076	0.771440990054142	5.72697473526502	0.46730791697496	0.571320556864515
51	Anaerobutyricum_soehngenii	MF0092	4.82800740892223	14.6793246483109	16.310466646859	23.2054041221128	11.8384672300323	2.28528222745806
52	Anaerobutyricum_soehngenii	MF0017	2.75886137652699	6.51395031268797	4.95926350749092	9.5201657936873	3.58269403014136	0.408086112046081
53	Anaerobutyricum_soehngenii	MF0014	33.4511941903897	42.7535330382055	48.931399940577	103.234297825297	43.6154055843296	2.93822000673179
54	Anaerobutyricum_soehngenii	MF0015	8.79387063767977	5.50474674311659	24.0248765474004	24.3954248463237	26.4807819619144	1.14264111372903
55	Anaerobutyricum_soehngenii	MF0013	6.72472460528455	9.08283212614238	11.1307914279241	12.4208413089514	17.6019315393902	1.22425833613825
56	Anaerobutyricum_soehngenii	MF0010	2.06914603239524	6.23871297553213	1.87349954727434	6.1732325068441	3.42692472448304	0.571320556864515
57	Anaerobutyricum_soehngenii	MF0054	1.20700185223056	2.1101529181947	2.86535224877252	3.34693328684319	2.49230889053312	0.326468889636865
58	Anaerobutyricum_soehngenii	MF0011	34.054695116505	31.2853106567126	87.9442728661722	88.2846624773969	59.6596440671366	5.30511945659906
59	Anaerobutyricum_soehngenii	MF0055	6.29365251520218	8.16537433562291	20.7187008757398	21.643501921586	14.9538533431987	2.36689944986727
60	Faecalibacterium_prausnitzii	MF0028	101.905442095466	124.040293278227	29.7555810449455	82.1114299705529	47.3538689201293	48.6438645558929
61	Faecalibacterium_prausnitzii	MF0026	101.905442095466	124.040293278227	29.7555810449455	82.1114299705529	47.3538689201293	53.0511945659906
62	Faecalibacterium_prausnitzii	MF0067	866.62732990154	713.782161024118	333.042095991945	695.269608120225	294.403987694225	569.68821241633
63	Faecalibacterium_prausnitzii	MF0068	1692.13038240922	1337.83695013544	647.459402366868	1250.33989966935	571.984890377353	1011.23738565019
64	Faecalibacterium_prausnitzii	MF0065	196.568873077548	142.57294064672	48.0497530948008	152.322652698997	66.0461855991277	133.689010306296
65	Faecalibacterium_prausnitzii	MF0022	176.73955693376	172.482064617653	80.4502746770748	115.283257657932	84.7385022781261	141.034560323126
66	Faecalibacterium_prausnitzii	MF00025	108.888809954799	99.7735347189882	22.041171144404	80.4751514747632	31.9327076599556	51.3372328953971
67	Faecalibacterium_prausnitzii	MF00026	52.849438244095	79.268353100879	27.6616697862271	56.079726628439	39.5654036372133	40.6453767597897
68	Faecalibacterium_prausnitzii	MF00024	102.940015111663	102.296543642917	20.8289067314618	76.5332078258145	32.7115541882472	41.9512523183372
69	Faecalibacterium_prausnitzii	MF00021	295.62923937847	279.641134550323	78.9073926969665	202.824157182697	98.7577397873748	183.801984865555
70	Faecalibacterium_prausnitzii	MF00020	242.952229970408	207.25371487834	54.7723102938441	174.85867016374	68.3827251840025	151.481564791506
71	Faecalibacterium_prausnitzii	MF0074	2188.98407343813	1252.14639250092	888.038785408039	1174.40170220564	779.158066902917	1181.00120826136
72	Faecalibacterium_prausnitzii	MGB006	253.297960132384	171.014132152822	114.393678239457	188.61828478743	141.750068149071	505.700310047504
73	Faecalibacterium_prausnitzii	MF0073	8652.1341344607	4436.64238339387	2923.10011717087	5523.92744919653	2367.38190739515	5018.15330260826
74	Faecalibacterium_prausnitzii	MGB007	186.223142915572	275.145591376777	103.924121945865	188.172027015851	127.886599945481	106.2656235768
75	Faecalibacterium_prausnitzii	MF0071	196.568873077548	142.57294064672	48.0497530948008	152.322652698997	66.0461855991277	133.689010306296
76	Faecalibacterium_prausnitzii	MF0038	123.631475435615	174.959200652056	37.910814368375	107.548122950561	49.6904085050041	190.902683215158
77	Faecalibacterium_prausnitzii	MF00609	91.5597119334894	91.7457790519432	25.7881702389527	79.285130750552	28.6615522411309	52.2350223418985
78	Faecalibacterium_prausnitzii	MF0078	947.841311673053	619.46750015872	346.046386967144	590.547784389665	368.238638576269	730.474140562486
79	Faecalibacterium_prausnitzii	MF00526	381.498799722872	359.73519966267	69.2092773934287	227.293958324284	78.351960746135	195.881333782119
80	Faecalibacterium_prausnitzii	MF00845	194.930799135235	171.83984416429	63.2581611844396	136.852383284255	74.7692667159936	195.554864892482
81	Faecalibacterium_prausnitzii	MF0033	164.324680739389	141.471991298096	37.0291675225988	108.143133312667	42.6807897503797	66.1099501514652
82	Faecalibacterium_prausnitzii	MF00527	328.476932642744	324.596566285775	67.8868071247645	218.517555483229	75.3923439386269	168.294712607804
83	Faecalibacterium_prausnitzii	MF00019	81.3864106075461	108.810493955604	33.0617567166061	79.5826359316048	41.7461739164298	46.3585823284349
84	Faecalibacterium_prausnitzii	MF00016	270.368414899645	276.980506957816	69.2092773934287	191.816465483746	78.351960746135	188.290932098062
85	Faecalibacterium_prausnitzii	MF00017	328.476932642744	350.835859094631	70.531747662093	236.07036116534	81.3115775536431	156.378598136059
86	Faecalibacterium_prausnitzii	MF00015	90.0509596182011	92.3421266157809	39.4536963484833	71.0665501239705	49.8461778106624	76.6385718422541
87	Faecalibacterium_prausnitzii	MF0106	651.953429040534	482.858035150377	306.592690618661	461.653664698571	345.029012033179	737.32998724486
88	Faecalibacterium_prausnitzii	MF0107	203.552240936882	207.070223320235	143.047200727182	193.08086250322	175.552007476927	386.947251442095
89	Faecalibacterium_prausnitzii	MF00570	78.972406903085	124.407276394435	29.5351693335014	76.7563367116038	44.5500214182795	33.7895300774156
90	Faecalibacterium_prausnitzii	MF0086	649.625639754089	581.851730747424	244.546793847163	533.798671103857	243.623194049612	549.691992926072
91	Faecalibacterium_prausnitzii	MF0005	575.13638258786	550.107691195451	185.256043468716	397.169416705392	194.088554850267	631.309215335289
92	Faecalibacterium_prausnitzii	MF0049	1132.77123831838	688.276834447678	455.701213410554	624.463375029674	411.854044160598	604.04906305061
93	Faecalibacterium_prausnitzii	MF0006	2404.69254731533	1779.8681136077	737.938409914648	1457.18037679626	787.569609408466	1054.00481019262
94	Faecalibacterium_prausnitzii	MF0003	440.728104900186	345.698095467722	126.295910657435	310.744161609574	126.484676194556	233.26202164554
95	Faecalibacterium_prausnitzii	MF0047	186.223142915572	275.145591376777	103.924121945865	188.172027015851	127.886599945481	106.2656235768
96	Faecalibacterium_prausnitzii	MF0004	223.209128244637	228.080006723131	101.940416542869	169.280448019002	105.611589236341	189.5151904342
97	Faecalibacterium_prausnitzii	MF0048	449.1771178658	356.524097395851	107.340503473248	257.193229020083	138.946220647221	161.112397035793
98	Faecalibacterium_prausnitzii	MF0045	101.905442095466	124.040293278227	29.7555810449455	82.1114299705529	47.3538689201293	48.6438645558929
99	Faecalibacterium_prausnitzii	MF0002	2136.79561239883	1776.35119207737	347.809680658696	1129.99905393353	383.140568817581	624.752631801748
100	Faecalibacterium_prausnitzii	MF0087	2517.63343491691	2616.40612700332	2010.04460251392	2507.89429997924	1631.06039954827	4049.84657594531
101	Faecalibacterium_prausnitzii	MF0044	326.062928938283	396.892240178706	251.710174469094	279.654870189564	217.453950699015	809.316377409789
102	Faecalibacterium_prausnitzii	MF00525	270.368414899645	276.980506957816	66.3439251446562	191.816465483746	68.6942637953191	162.336655371931
103	Faecalibacterium_prausnitzii	MF00844	234.503217004794	236.520618395909	114.173266528013	176.71807754532	135.830834534055	282.722058425525
104	Faecalibacterium_prausnitzii	MF0096	56.7721942638444	65.7129142459542	22.3442372476396	44.9976586342251	26.9870322053039	40.1148648141298
105	Faecalibacterium_prausnitzii	MF0050	61.9881665538405	65.2312489059315	14.7675846667507	42.915122366856	17.9134701507068	32.3204200740497
106	Faecalibacterium_prausnitzii	MF0051	85.3522738363036	97.9844920274753	42.0986368858118	104.573071140034	52.0269480898789	174.660855955723
107	Faecalibacterium_prausnitzii	MF0017	192.171937758708	211.015291819469	69.3194832491507	150.240116431628	89.8788893648507	124.792733063692
108	Faecalibacterium_prausnitzii	MF0015	199.327734454075	166.243351642121	60.6132206471112	569.127411353869	93.461583394992	371.031893072298
109	Faecalibacterium_prausnitzii	MF0013	52.677009408062	46.2398726421793	12.3430558408662	37.4112765173805	17.1346236224152	39.0946495340146
110	Faecalibacterium_prausnitzii	MF0010	17840.5219489838	12903.6768405396	278.820814976711	8846.911568965	326.180926048522	427.919097091521
111	Faecalibacterium_prausnitzii	MF0054	38.8827025254272	38.3497356437123	19.7268481742416	31.9818069631682	23.5211651544064	34.5240850790985
112	Faecalibacterium_prausnitzii	MF0011	1154.66970049456	822.592654979721	74.6093643238077	639.93364444442	82.246193387593	137.52501975953
113	Faecalibacterium_prausnitzii	MF0009	206.397316731425	266.246250808739	102.271034110035	172.553005010582	124.926983137973	156.21536369124
114	Bacteroides_xylanisolvens	MF0063	13.7943068826349	29.5421408547257	242.232470877001	24.5441774368501	147.046224541454	149.685985898503
115	Bacteroides_xylanisolvens	MF0020	46.7282145649258	84.2226251696838	165.749607005919	76.7563367116038	114.334670353207	150.338923677777
116	Bacteroides_xylanisolvens	MF0104	22.0277838032077	34.9322053740274	133.872563238324	35.6634335786958	91.5534094006775	81.3723707419885
117	Bacteroides_xylanisolvens	MF0028	13.9667357186679	23.3034278791936	15.8696432239709	23.2054041221128	14.9538533431987	36.5645156393289
118	Bacteroides_xylanisolvens	MF0025	41.7277783199707	70.4607583118923	81.331921522851	71.5499960431811	57.0115658709451	114.100876928084
119	Bacteroides_xylanisolvens	MF0026	15.6910240789972	27.8907168317907	17.4125252040792	32.5768173252737	14.9538533431987	45.2159412147059
120	Bacteroides_xylanisolvens	MF0103	270.023557227579	509.556056854493	243.224323578499	518.997788346484	212.002025000974	310.798382934295
121	Bacteroides_xylanisolvens	MF0067	27.3299705112205	48.9005002346857	64.250013885938	53.2534274084383	45.6404065578878	108.469288581848
122	Bacteroides_xylanisolvens	MF0068	15.1737375708984	26.0558012507518	118.471294901171	30.7174099436942	62.4634915689863	147.400703671045
123	Bacteroides_xylanisolvens	MF0101	83.9728431480402	166.243351642121	54.0008693037899	181.329407851638	71.0308033801939	63.008495699915
124	Bacteroides_xylanisolvens	MF0021	24.6573235527099	50.4601784785687	25.7881702389527	50.7246333694901	23.365395848748	63.008495699915
125	Bacteroides_xylanisolvens	MF0065	15.9496673330466	27.1567505993752	70.531747662093	27.2961003615878	51.2481015615873	92.1458441000051
126	Bacteroides_xylanisolvens	MF0022	13.449449210569	22.5694616467781	40.3353431942594	23.5772855984287	24.1442423770396	281.824268979024
127	Bacteroides_xylanisolvens	MF0066	31.5544769940274	45.8728895259716	147.455434956063	47.005818606331	84.7385022781261	129.934618075472
128	Bacteroides_xylanisolvens	MF00026	19.0533863816395	30.1843613080893	16.6410842140251	35.0312350689587	15.8884691771486	34.6873195239169
129	Bacteroides_xylanisolvens	MF0018	19.3120296356889	30.8265817614529	127.397969214655	34.8081061831692	73.2115736594104	218.081218277426
130	Bacteroides_xylanisolvens	MF00023	19.4413512627136	34.4505400340047	8.59605674631758	35.7006217263273	10.6701974375949	13.8749278095668
131	Bacteroides_xylanisolvens	MF0019	11.4665175961903	19.7253424961677	24.2452882588445	22.0153833979019	17.1346236224152	49.2968023351666
132	Bacteroides_xylanisolvens	MF00021	25.6056821508911	37.7075151903486	33.1719625723281	47.1545711968574	24.6115502940145	45.1343239922966
133	Bacteroides_xylanisolvens	MF0074	3.62100555669167	5.3212551850127	2.42452882588445	9.07390802210821	3.73846333579968	5.38673667900828
134	Bacteroides_xylanisolvens	MF0031	15.5185952429643	30.643090203349	15.2084080896388	30.7917862389574	17.1346236224152	17.7925544852092
135	Bacteroides_xylanisolvens	MF0075	23.2778928644465	35.4138707140501	30.1964044678336	45.8157978821201	22.1192414034814	48.6438645558929
136	Bacteroides_xylanisolvens	MGB006	72.9373976419322	76.6994712874245	1241.13834714139	85.2352343716066	620.27337513143	1873.11525429152
137	Bacteroides_xylanisolvens	MF0073	44.4866396964977	76.1489966131128	252.59182131487	71.4012434526547	131.157755364305	505.863544492323
138	Bacteroides_xylanisolvens	MGB007	67.4196748888782	125.232988405903	41.4374017514797	119.522706487934	46.5750223918376	63.2533473671427
139	Bacteroides_xylanisolvens	MF0070	37.7619150912131	52.6620771758154	213.138124966387	51.6171489126483	139.257759258538	189.841659323837
140	Bacteroides_xylanisolvens	MF0071	15.9496673330466	27.1567505993752	70.531747662093	27.2961003615878	51.2481015615873	92.1458441000051
141	Bacteroides_xylanisolvens	MF0038	22.4157486842818	38.9002103180239	35.2658738310465	42.3944883000137	27.1038591845477	100.389183563336
142	Bacteroides_xylanisolvens	MF0034	32.589050010225	59.2677732675553	140.18184847841	64.7073768789683	80.3769617196931	131.24049363402
143	Bacteroides_xylanisolvens	MF0078	8.62144180164683	11.0094934862332	24.6861116817325	13.5364857378991	17.4461622337318	29.3822000673179
144	Bacteroides_xylanisolvens	MF0035	33.9684806984885	53.3960434082309	110.20585572202	62.0298302494938	96.8885081194751	92.064226877596
145	Bacteroides_xylanisolvens	MF00526	15.5185952429643	27.1567505993752	28.8739341991693	30.643033648431	29.9077066863974	55.1732423486302
146	Bacteroides_xylanisolvens	MF00845	10.6905878340421	27.8907168317907	9.91852701498182	19.9328471305328	7.47692667159936	17.3028511507539
147	Bacteroides_xylanisolvens	MF0033	2.06914603239524	4.77078051070104	4.62864594032485	3.27255699158001	3.73846333579968	10.7734733580166
148	Bacteroides_xylanisolvens	MF00527	24.8297523887429	41.4690921314783	17.8533486269673	44.4770245673828	21.4961641808482	32.4836545188681
149	Bacteroides_xylanisolvens	MF00019	3.44857672065873	7.70664544036322	5.28988107465697	7.14012434526547	6.1269260225606	8.54260261216465
150	Bacteroides_xylanisolvens	MF00016	15.3461664069314	41.4690921314783	14.5471729553067	33.915590640011	11.5269286187157	20.0778367126672
151	Bacteroides_xylanisolvens	MF00017	29.4853309616322	63.4880791039447	21.600347721516	61.7323250684411	29.9077066863974	36.8909845289658
152	Bacteroides_xylanisolvens	MF00015	17.8032773204007	32.7532431215437	27.000434651895	36.8162661552751	19.938471124265	31.341013405139
153	Bacteroides_xylanisolvens	MF0029	47.0730722369917	76.5159797293206	217.766770906712	81.9626773800266	142.373145371705	174.497621510905
154	Bacteroides_xylanisolvens	MF0106	7.0695822773504	13.3031379625317	14.3267612438626	13.7596146236887	12.4615444526656	18.5271094868921
155	Bacteroides_xylanisolvens	MF0107	16.0358817510631	33.1202262377515	45.1844008460283	32.1305595536946	29.5961680750808	48.6438645558929
156	Bacteroides_xylanisolvens	MF00570	3.44857672065873	7.70664544036322	5.28988107465697	7.14012434526547	6.1269260225606	8.54260261216465
157	Bacteroides_xylanisolvens	MF0086	17.5015268573431	36.6983116207773	15.7594373682489	36.370008383696	17.2903929280735	40.4821423149713
158	Bacteroides_xylanisolvens	MF0005	76.3859743625909	126.609175091682	126.736734080323	146.818806849521	66.0461855991277	147.400703671045
159	Bacteroides_xylanisolvens	MF0049	3.62100555669167	5.3212551850127	2.42452882588445	9.07390802210821	3.73846333579968	5.38673667900828
160	Bacteroides_xylanisolvens	MF0006	595.224341985697	1063.70056232823	627.512142481183	1101.06667507615	537.092565909888	956.06414330156
161	Bacteroides_xylanisolvens	MF0003	77.9378338868874	143.123415321031	44.5231657116962	146.372549077942	54.8307955917287	75.4143135061159
162	Bacteroides_xylanisolvens	MF0047	67.4196748888782	125.232988405903	41.4374017514797	119.522706487934	46.5750223918376	63.2533473671427
163	Bacteroides_xylanisolvens	MF0004	16.8118115132113	31.6522937729204	47.6089296719127	31.0892914200101	34.2692472448305	158.092559806652
164	Bacteroides_xylanisolvens	MF0001	67.2472460528453	125.14124262685	136.655261095305	146.075043896889	67.6038786557109	155.399191467148
165	Bacteroides_xylanisolvens	MF0045	13.9667357186679	23.3034278791936	15.8696432239709	23.2054041221128	14.9538533431987	36.5645156393289
166	Bacteroides_xylanisolvens	MF0002	77.9378338868874	134.132328973941	78.0257458511906	139.678682504256	64.1769539312278	94.4311263274633
167	Bacteroides_xylanisolvens	MF0046	11.5527320142068	29.5421408547257	23.8044648359564	22.1641359884282	11.5269286187157	28.0763245087704
168	Bacteroides_xylanisolvens	MF0044	76.3859743625909	142.389449088616	55.7641629953423	152.62015788005	68.2269558783442	77.2098923991187
169	Bacteroides_xylanisolvens	MF00525	10.0008724899103	14.8628162064148	13.3349085423645	17.552805682111	10.2807741734491	26.2807456157676
170	Bacteroides_xylanisolvens	MF00844	4.48314973685635	10.2755272538176	6.17152792043314	8.7764028410555	3.73846333579968	10.6918561356073
171	Bacteroides_xylanisolvens	MF0096	28.8818300355169	34.4046671444787	284.771931185701	33.6180854589583	208.107792359516	175.558645402224
172	Bacteroides_xylanisolvens	MF0050	8.4490129656139	12.7526632882201	47.8293413833568	13.8339909189518	29.2846294637642	69.374639047834
173	Bacteroides_xylanisolvens	MF0051	23.2347856554382	40.5975072304849	20.8289067314618	42.2085475618558	16.9009696639277	40.1148648141299
174	Bacteroides_xylanisolvens	MF0095	79.4896934111838	116.884122512176	253.253056449203	113.200721390563	161.065462050703	153.930081463782
175	Bacteroides_xylanisolvens	MF0092	19.8293161437877	40.7351258990628	102.711857532923	40.0144468515919	65.1115697651778	90.921585763867
176	Bacteroides_xylanisolvens	MF0017	17.9325989474254	26.0558012507519	59.2907503784469	32.8743225063265	51.4038708672456	96.7980257773306
177	Bacteroides_xylanisolvens	MF0014	23.4503217004794	39.4506849923356	35.2658738310465	39.2706838989601	20.8730869582149	87.3304279778615
178	Bacteroides_xylanisolvens	MF0056	39.1413457794766	60.1852310580747	163.10466646859	59.9472939821247	82.5577319989096	201.104836016309
179	Bacteroides_xylanisolvens	MF0013	20.3466026518865	27.9824626108427	43.531313010198	32.5768173252738	32.8673234939055	40.0740562029252
180	Bacteroides_xylanisolvens	MF0010	45.0901406226129	83.6721504953719	58.739721099837	83.2270743995008	43.3038669730129	76.3121029526173
181	Bacteroides_xylanisolvens	MF0054	3.36236230264227	6.7891876498438	9.8083211592598	8.6276502505291	4.6730791697496	10.6102389131981
182	Bacteroides_xylanisolvens	MF0011	46.38335689286	81.5619975771772	181.178426807001	75.8638211684458	103.8981268741	232.037763309402
183	Bacteroides_xylanisolvens	MF0009	174.325553229299	288.632220897413	86.6218025975079	304.942810579046	123.680828692706	127.649335848014
184	Coprococcus_catus	MF0020	12.2424473583385	15.9637655550381	33.0617567166061	21.8666308073755	21.4961641808482	8.4881911305585
185	Coprococcus_catus	MF0061	15.9784054723855	9.3580694632982	4.84905765176889	30.5438652547467	7.16538806028272	1.30587555854746
186	Coprococcus_catus	MF0060	9.31115714577857	6.60569609173992	4.95926350749091	29.7505181052728	7.00961875462442	0
187	Coprococcus_catus	MF0104	447.280400669438	309.802559413649	566.76116451442	1190.85745753262	797.305191012111	86.7387031153944
188	Coprococcus_catus	MF0028	11.3803031781738	8.80759478898654	8.1552333234295	20.3791049021119	5.91923361501616	0.326468889636865
189	Coprococcus_catus	MF0026	11.3803031781738	8.80759478898654	8.1552333234295	20.3791049021119	6.54231083764944	0.979406668910596
190	Coprococcus_catus	MF0067	17.9325989474254	12.2939343929604	20.4982891642958	57.7160051242292	22.1192414034814	5.22350223418985
191	Coprococcus_catus	MF0068	15.7772384970137	12.3856801720123	9.80832115925982	73.1862745389711	13.3961602866155	3.34630611877787
192	Coprococcus_catus	MF0021	36.0376267308838	15.7802739969342	21.600347721516	47.7495815589629	27.4153977958643	7.18231557201104
193	Coprococcus_catus	MF0065	4.13829206479048	4.40379739449327	9.80832115925983	32.4280647347474	13.7076988979322	3.67277500841473
194	Coprococcus_catus	MF00025	2.45711091346935	1.97253424961678	6.99807183834827	13.2017924092148	10.1250048677908	3.18307167395944
195	Coprococcus_catus	MF00026	6.03500926115278	5.3212551850127	5.62049864182304	15.916527186321	4.98461778106624	1.14264111372903
196	Coprococcus_catus	MF00023	1.03457301619762	2.66062759250635	0	2.38004144842182	1.40192375092488	0
197	Coprococcus_catus	MF00024	2.32778928644465	1.9266613600908	9.03688016920565	18.4453212252691	10.5923127847657	3.18307167395944
198	Coprococcus_catus	MF00021	2.58643254049405	2.11015291819469	3.52658738310465	8.03263988842366	4.36154055843296	1.22425833613825
199	Coprococcus_catus	MF00020	5.86258042511985	3.66983116207773	18.5145837612994	31.6843017821155	23.6769344600646	4.57056445491612
200	Coprococcus_catus	MF0075	8.79387063767977	5.68823830122048	2.64494053732849	16.2140323673737	4.6730791697496	0
201	Coprococcus_catus	MGB006	6.89715344131747	6.60569609173991	47.3885179604687	30.3455284673783	78.8192686631099	22.6895878297621
202	Coprococcus_catus	MF0073	627.123676651791	619.100517042512	1314.09462362937	3013.13247370203	1931.53939016317	163.724148152888
203	Coprococcus_catus	MGB007	100.870869079268	75.6902677178528	71.6338062193133	345.254762611691	90.6577358931424	20.8940089367593
204	Coprococcus_catus	MF0071	4.13829206479048	4.40379739449327	9.80832115925983	32.4280647347474	13.7076988979322	3.67277500841473
205	Coprococcus_catus	MF0038	12.9321627024703	26.6980217041155	33.9434035623823	30.643033648431	26.1692433505978	13.1403728078838
206	Coprococcus_catus	MF00609	2.75886137652699	2.93586492966218	8.37564503487354	9.37141320316093	6.2307722263328	5.38673667900828
207	Coprococcus_catus	MF0076	33.6236230264226	20.7345460657391	9.58790944781575	82.2601825610795	16.8230850110985	0.89778944650138
208	Coprococcus_catus	MF00526	7.41443994941628	7.61489966131129	36.6985499554328	26.9242188852718	27.259628490206	11.1815594700627
209	Coprococcus_catus	MF00845	4.05207764677402	3.76157694112967	13.0042909751984	26.9242188852719	16.3557770941236	2.12204778263962
210	Coprococcus_catus	MF0033	11.7251608502397	8.44061167277877	8.81646845776162	55.0384584947547	14.0192375092488	1.79557889300276
211	Coprococcus_catus	MF00527	6.37986693321866	5.50474674311659	16.7512900697471	22.1641359884282	23.6769344600646	6.20290890310044
212	Coprococcus_catus	MF00019	9.16746644908447	7.15617076605156	33.0617567166061	58.4597680768611	42.3692511390631	7.67201890646634
213	Coprococcus_catus	MF00016	5.60393717107045	4.49554317354522	14.2165553881406	22.8335226457968	19.938471124265	4.81541612214376
214	Coprococcus_catus	MF00017	6.37986693321866	5.50474674311659	18.9554071841875	31.6843017821155	14.0192375092488	5.71320556864514
215	Coprococcus_catus	MF0108	39.3137746155096	20.0923256123756	44.4129598559742	115.655139134248	69.7846489349275	0
216	Coprococcus_catus	MF00015	7.84551203949862	3.80744983065564	14.9328934503338	36.7418898600119	21.9634720978231	2.08123917143502
217	Coprococcus_catus	MF0106	3.44857672065873	2.29364447629858	2.97555810449455	11.3051968800037	5.14038708672456	0
218	Coprococcus_catus	MF0107	3.44857672065873	2.29364447629858	2.97555810449455	11.3051968800037	5.14038708672456	0
219	Coprococcus_catus	MF00570	7.47191622809393	6.05522141742825	21.600347721516	42.8407460715928	35.515401690097	5.71320556864514
220	Coprococcus_catus	MF0086	69.2301776672241	39.0837018761278	114.944707518067	223.352014675336	161.377000662019	14.7727172560682
221	Coprococcus_catus	MF0080	313.303195071846	200.18928989134	594.229974053133	1105.52925279194	896.296584757974	111.325891366171
222	Coprococcus_catus	MF0049	5.51772275305397	2.75237337155829	13.4451143980865	19.3378367684273	17.1346236224152	2.93822000673179
223	Coprococcus_catus	MF0006	9.48358598181152	13.0279006253759	20.2778774528517	48.1958393305419	28.9730908524475	5.22350223418985
224	Coprococcus_catus	MF0047	100.870869079268	75.6902677178528	71.6338062193133	345.254762611691	90.6577358931424	20.8940089367593
225	Coprococcus_catus	MF0048	16.7255970951949	12.4774259510643	8.59605674631758	57.8647577147556	9.96923556213248	9.95730113392439
226	Coprococcus_catus	MF0045	11.3803031781738	8.80759478898654	8.1552333234295	20.3791049021119	5.91923361501616	0.326468889636865
227	Coprococcus_catus	MF0002	104.72177975067	51.6834555325947	23.1064944163836	51.3940200268588	33.9577086335138	5.9580572358728
228	Coprococcus_catus	MF0087	690.663702729928	552.676573008906	174.56607546368	1437.9169163231	238.482806962887	44.0733001009769
229	Coprococcus_catus	MF0044	3.10371904859286	4.22030583638939	2.64494053732849	10.4126813368455	2.49230889053312	0.816172224092163
230	Coprococcus_catus	MF00525	6.12122367916925	5.04601784785688	14.5471729553067	20.9741152642173	17.7577008450485	7.10069834960183
231	Coprococcus_catus	MF00844	5.1728650809881	5.13776362690882	14.5471729553067	22.0153833979019	16.5115463997819	2.28528222745806
232	Coprococcus_catus	MF0096	2.02603882338701	2.17896225248365	5.81335888933658	5.89432139960717	3.6995210093851	1.20385403053594
233	Coprococcus_catus	MF0050	5.6901515890869	3.48633960397384	3.85720495027071	15.916527186321	6.3865415319911	1.22425833613825
234	Coprococcus_catus	MF0094	313.303195071846	200.18928989134	594.229974053133	1105.52925279194	896.296584757974	111.325891366171
235	Coprococcus_catus	MF0051	10.1733013259432	6.23871297553215	5.45518985824	26.366396670798	7.32115736594104	1.55072722577511
236	Coprococcus_catus	MF0092	6.89715344131747	10.4590188119215	3.74699909454869	8.92515543158184	6.54231083764944	4.57056445491612
237	Coprococcus_catus	MF0017	11.2078743421409	8.44061167277877	13.3349085423644	30.643033648431	14.0192375092488	4.32571278768846
238	Coprococcus_catus	MF0014	23.9676082085782	15.7802739969342	10.3593504378699	163.776602169527	21.1846255695315	3.91762667564238
239	Coprococcus_catus	MF0015	1.55185952429643	0.917457790519432	1.76329369155232	29.1555077431673	1.86923166789984	1.14264111372903
240	Coprococcus_catus	MF0013	0.344857672065873	1.2844409067272	1.10205855722021	4.01631994421183	3.42692472448304	0.244851667227649
241	Coprococcus_catus	MF0054	13.5787708375937	7.52315388225936	10.2491445821479	29.9736469910624	14.3307761205654	2.40770806107188
242	Coprococcus_catus	MF0055	185.705856407473	155.509095493044	147.786052523229	609.141858205461	173.838545114685	17.4660855955723
243	Eubacterium_siraeum	MF0060	227.002562637361	160.096384445641	500.77540840086	75.5663159873929	471.357918922076	61.3761512517306
244	Eubacterium_siraeum	MF0026	36.7273420750155	73.0296401253468	73.6175116223096	31.2380440105364	74.1461894933603	14.0381622543852
245	Eubacterium_siraeum	MF0103	62.3330242259066	96.700051120748	114.173266528013	54.2203192468597	113.400054519257	26.5255972829953
246	Eubacterium_siraeum	MF0067	96.9050058505104	146.059280250694	329.956332031729	91.3340905831875	313.719381595857	94.1862746602357
247	Eubacterium_siraeum	MF0068	278.127712521127	214.685122981547	894.430725039917	211.972441500069	887.885042252424	172.702042617902
248	Eubacterium_siraeum	MF0021	391.413457794766	228.080006723131	576.817448849054	119.745835373723	593.169515946883	91.9009924327776
249	Eubacterium_siraeum	MF0065	109.492310880915	80.5527940076061	221.293358289817	38.6012972415915	214.650103197165	34.9321711911446
250	Eubacterium_siraeum	MF00025	38.7964881074108	66.9744187079185	42.0435339579507	25.9201388992189	50.0798317691499	9.14112890983223
251	Eubacterium_siraeum	MF00026	31.0371904859286	62.2495110867435	57.1417361918675	23.4657211555339	63.6317613614237	11.0183250252442
252	Eubacterium_siraeum	MF0018	76.0411166905251	82.2042180305411	235.179296110791	58.9060258484402	238.950114879863	36.8909845289658
253	Eubacterium_siraeum	MF00021	44.7452829505471	79.084861542775	39.0128729255952	19.189084177901	54.986564897387	7.34555001682946
254	Eubacterium_siraeum	MF0074	252.263387116186	267.530691715466	203.660421374293	58.4597680768611	183.807780676818	24.4851667227649
255	Eubacterium_siraeum	MF0075	170.014832328476	137.802160136019	499.232526420752	77.7976048452884	455.469449744928	89.778944650138
256	Eubacterium_siraeum	MGB006	109.492310880915	131.379955602383	693.194832491508	177.015582726373	675.415709334476	177.925544852092
257	Eubacterium_siraeum	MF0073	999.914820155	506.987175041038	8187.63384501177	1286.26365028147	7531.13438996846	1168.43215601034
258	Eubacterium_siraeum	MGB007	63.108953988055	54.4052469778025	347.809680658696	98.548591223716	341.446318003038	73.2922657234765
259	Eubacterium_siraeum	MF0071	109.492310880915	80.5527940076061	221.293358289817	38.6012972415915	214.650103197165	34.9321711911446
260	Eubacterium_siraeum	MF0038	159.841531002532	252.667875509051	161.341372777038	85.5327395526593	183.184703454184	21.0572433815778
261	Eubacterium_siraeum	MF0078	2285.37179278054	1435.63795060481	5888.51928293899	128.819743395831	4900.19081739943	173.354980397176
262	Eubacterium_siraeum	MF00526	201.483094904487	154.775129260628	419.223075166565	84.2683425331852	363.098251489544	66.4364190411021
263	Eubacterium_siraeum	MF00845	50.8665066297163	82.1124722514891	64.9112490202699	33.4693328684319	63.8654153199112	22.5263533849437
264	Eubacterium_siraeum	MF0033	86.7317045245671	139.27009260085	111.087502567796	46.1133030631729	108.415436738191	29.5454345121363
265	Eubacterium_siraeum	MF00527	162.427963543026	141.563737077148	373.267233330483	84.2683425331852	343.159780365279	59.8254240259555
266	Eubacterium_siraeum	MF00019	82.3922454844048	97.3422715741116	334.695183827776	78.3182389121307	321.196308267456	66.028332929056
267	Eubacterium_siraeum	MF00016	150.357945020721	151.380535435706	345.164740121368	69.467459775812	327.738619105105	55.1732423486302
268	Eubacterium_siraeum	MF00017	89.3181370650612	151.380535435706	247.742763663102	84.9377291905539	265.430896841777	58.111462355362
269	Eubacterium_siraeum	MF00015	75.2220797193688	76.9288357350543	513.393978881032	60.7654332300197	415.125199579423	158.623071752312
270	Eubacterium_siraeum	MF0106	366.756134242056	266.246250808739	854.756616979989	84.6402240095011	792.242688578216	92.064226877596
271	Eubacterium_siraeum	MF0107	207.25946091159	149.362128296563	529.318725032864	61.0629384110724	500.019471163208	70.0275768271076
272	Eubacterium_siraeum	MF00570	72.3626348551557	101.470831631449	262.510348329852	61.5835724779147	288.173215467892	65.4570123721915
273	Eubacterium_siraeum	MF0086	141.650288801058	140.279296170422	233.416002419239	75.2688108063402	215.740488336773	58.0298451329529
274	Eubacterium_siraeum	MF0005	162.427963543026	197.069933403574	2209.84781893795	217.625039940071	1478.87378792009	902.196776511477
275	Eubacterium_siraeum	MF0049	156.737811953939	184.500761673457	127.618380926099	49.0883548737002	122.278904941781	21.2204778263963
276	Eubacterium_siraeum	MF0006	285.714581306576	477.995508860624	241.791647454113	150.983879384259	287.550138245259	81.6172224092163
277	Eubacterium_siraeum	MF0047	63.108953988055	54.4052469778025	347.809680658696	98.548591223716	341.446318003038	73.2922657234765
278	Eubacterium_siraeum	MF0001	658.160867137719	641.853470247394	1042.76780684176	150.388869022154	927.761984500954	87.9833657571352
279	Eubacterium_siraeum	MF0002	227.922183096204	135.814334923226	699.807183834828	115.630347035827	639.432999727404	162.363861112734
280	Eubacterium_siraeum	MF00525	174.497982065332	151.380535435706	401.369726539598	83.5989558758166	358.580941625453	60.5599790276385
281	Eubacterium_siraeum	MF00844	49.1422182693869	81.6537433562294	74.7195701795298	36.5931372694856	84.4269636668095	23.5057600538543
282	Eubacterium_siraeum	MF0096	357.876049186361	282.026524805672	1964.47448117287	128.224733033726	1579.34499006971	91.2888632647086
283	Eubacterium_siraeum	MF0050	615.39851580155	313.03659812523	1213.80729492233	226.698947962179	1197.86596051248	148.86981367441
284	Eubacterium_siraeum	MF0051	70.695822773504	95.9660848883323	184.264190767218	49.460236350016	163.713540246894	31.7490995171852
285	Eubacterium_siraeum	MF0090	1230.7970316031	626.07319625046	2427.61458984466	453.397895924358	2395.73192102496	297.739627348821
286	Eubacterium_siraeum	MF0091	1230.7970316031	626.07319625046	2427.61458984466	453.397895924358	2395.73192102496	297.739627348821
287	Eubacterium_siraeum	MF0016	40.9518485578224	43.8544823868288	26.1187878061188	15.4702694147419	32.8673234939056	5.14188501178063
288	Eubacterium_siraeum	MF0017	115.527320142068	116.700630954071	174.125252040792	58.6085206673875	160.909692745044	31.4226306275483
289	Eubacterium_siraeum	MF0015	65.6953865285489	86.0575407507227	212.697301543499	92.9703690789775	267.611667120994	161.43886592543
290	Eubacterium_siraeum	MF0013	9.13872830974565	18.3491558103886	24.5759058260105	9.0739080221082	25.8577047392812	5.0602677893714
291	Eubacterium_siraeum	MF0010	54.487512186408	94.8651355397092	55.1029278610101	24.2466722557973	59.8154133727949	15.1808033681142
292	Eubacterium_siraeum	MF0054	56.298014964754	48.350025560374	444.57042198263	39.0475550131706	359.359788153744	143.564694217812
293	Eubacterium_siraeum	MF0009	263.471261458327	432.306110892756	328.41345005162	160.35529258742	383.192491919467	78.0260646232108
294	Bacteroides_ovatus	MF0063	194.499727045153	159.637655550381	750.942700889846	152.917663061102	623.700299855913	836.902998584104
295	Bacteroides_ovatus	MF0020	32.0717635021262	39.4506849923356	99.1852701498183	48.0470867400156	71.6538806028272	197.84014711994
296	Bacteroides_ovatus	MF0104	45.7151951532323	35.0010147083163	57.5274566868946	37.1137713363278	59.7764710463805	93.4313153529505
297	Bacteroides_ovatus	MF0028	69.8336785933393	109.360968629916	67.4459837018764	121.828371641092	61.0615678180615	173.191745952357
298	Bacteroides_ovatus	MF0025	45.3487838766623	51.5611278271921	69.8705125277609	71.8475012242338	53.8961797577787	109.203843583531
299	Bacteroides_ovatus	MF0026	69.8336785933393	109.360968629916	67.4459837018764	121.828371641092	61.0615678180615	173.191745952357
300	Bacteroides_ovatus	MF0103	162.255534706994	242.575839813337	93.013742229385	276.679818379037	103.430818957124	207.389362141818
301	Bacteroides_ovatus	MF0067	55.8669428746715	75.2315388225934	110.426267433464	85.9789973242384	97.823123953425	265.092738385135
302	Bacteroides_ovatus	MF0068	96.0428616703457	71.1947245443079	193.521482647868	91.7803483547666	153.588535379104	485.785707779656
303	Bacteroides_ovatus	MF0101	25.6918965689076	33.0284804586995	12.1226441294222	35.7006217263274	20.8730869582149	23.5057600538543
304	Bacteroides_ovatus	MF0021	54.1426545143422	72.2039281138793	51.6865463336275	82.4833114468689	38.475018497605	138.586043650849
305	Bacteroides_ovatus	MF0065	36.5549132389826	29.083411959466	119.793765169836	28.634873676325	98.757739787375	151.318330346687
306	Bacteroides_ovatus	MF0022	38.106772763279	35.4138707140501	95.8790944781576	41.6507253473819	80.0654231083765	301.657254024464
307	Bacteroides_ovatus	MF0066	46.0384992207941	35.9643453883617	115.936560219565	33.0230750968528	104.365434791074	301.657254024464
308	Bacteroides_ovatus	MF00026	19.3120296356889	23.6704109954013	18.0737603384113	24.097919665271	17.4461622337318	40.4821423149713
309	Bacteroides_ovatus	MF0018	31.2096193219615	36.6983116207773	107.340503473248	37.3369002221174	80.6885003310098	219.387093835974
310	Bacteroides_ovatus	MF00023	11.5527320142067	17.4316980198692	4.07761666171475	20.9741152642173	5.14038708672456	7.79444474008016
311	Bacteroides_ovatus	MF0019	15.8634529150302	28.991666180414	63.9193963187718	29.006755152641	55.1423342030453	198.166616009577
312	Bacteroides_ovatus	MF00024	28.7956156175005	44.2214655030366	28.8739341991693	43.6588853194879	25.0788582109895	70.2724284943353
313	Bacteroides_ovatus	MF00021	50.0905768675681	61.1944346276461	57.8580742540607	77.1282181879197	54.6750262860703	96.961260222149
314	Bacteroides_ovatus	MF00020	29.1404732895663	46.2398726421793	27.9922873533932	53.8484377705438	32.4000155769306	55.4997112382671
315	Bacteroides_ovatus	MF0074	54.8323698584739	82.7546927048527	24.0248765474004	103.978060777928	38.3192491919467	59.0908690242726
316	Bacteroides_ovatus	MF0031	75.6962590184592	86.7915069831382	45.4048125574724	96.9866890231893	81.6231161649597	116.222924710724
317	Bacteroides_ovatus	MF0075	75.5238301824263	100.736865399034	53.7804575923459	110.225669580036	57.6346430935784	118.018503603727
318	Bacteroides_ovatus	MGB006	620.743809718572	729.745926579156	2923.7613523052	474.96702155068	1748.04314809767	4269.72337311574
319	Bacteroides_ovatus	MF0073	104.147016963894	104.223205003007	233.416002419239	110.374422170562	221.503952646131	558.914739058314
320	Bacteroides_ovatus	MGB007	81.3864106075461	126.150446196422	35.1556679753244	141.166208409519	47.8211768371042	53.0511945659907
321	Bacteroides_ovatus	MF0070	94.3185733100163	75.2315388225934	225.040357384365	62.0298302494938	193.465477627633	361.890764162465
322	Bacteroides_ovatus	MF0071	36.5549132389826	29.083411959466	119.793765169836	28.634873676325	98.757739787375	151.318330346687
323	Bacteroides_ovatus	MF0038	20.3466026518865	29.1751577385179	19.8370540299636	31.8330543726419	19.938471124265	69.048170158197
324	Bacteroides_ovatus	MF0034	59.3155195953302	58.3503154770358	147.235023244619	70.3599753189702	114.334670353207	179.557889300276
325	Bacteroides_ovatus	MF0078	41.5553494839377	62.0201466391136	78.2461575626344	68.1286864610747	69.4731103236107	167.805009273349
326	Bacteroides_ovatus	MF0035	51.9010796459139	61.286180406698	36.8087558111548	80.3263988842366	65.4231083764944	83.5760357470375
327	Bacteroides_ovatus	MF00526	30.6923328138627	41.8360752476861	42.7598720201439	45.369540110541	34.2692472448304	80.4745812954873
328	Bacteroides_ovatus	MF00845	20.5190314879195	32.8449889005957	10.800173860758	32.5768173252737	15.2653919545154	30.0351378465916
329	Bacteroides_ovatus	MF0033	58.1085177430997	91.0118128195276	73.8379233337536	93.1191216695039	48.2884847540792	161.928569259885
330	Bacteroides_ovatus	MF00527	26.5540407490722	41.8360752476861	22.4819945672921	45.369540110541	19.003855290315	46.032113438798
331	Bacteroides_ovatus	MF00019	35.347911386752	52.5703313967634	55.3233395724542	62.3273354305465	49.5346391993458	125.282436398147
332	Bacteroides_ovatus	MF00016	25.5194677328746	34.6799044816345	15.6492315125269	44.3282719768565	18.6923166789984	34.7689367463262
333	Bacteroides_ovatus	MF00017	44.8314973685635	44.2214655030366	25.7881702389527	67.2361709179165	32.4000155769306	55.4997112382671
334	Bacteroides_ovatus	MF00015	23.6227505365123	29.4045221861478	18.9554071841875	41.2044675758029	19.0817399431442	31.1369703491161
335	Bacteroides_ovatus	MF0029	57.073944726902	45.3224148516599	102.050622398591	51.0221385505429	124.615444526656	208.28715158832
336	Bacteroides_ovatus	MF0106	37.8481295092296	56.6071456750489	84.4176854830675	57.195371057387	69.6288796292691	141.197794767944
337	Bacteroides_ovatus	MF0107	33.5374086084062	41.1938547943225	72.7358647765334	43.2126275479088	62.4634915689864	104.959748018252
338	Bacteroides_ovatus	MF00570	35.347911386752	52.5703313967634	55.3233395724542	62.3273354305465	49.5346391993458	125.282436398147
339	Bacteroides_ovatus	MF0086	18.967171963623	22.4777158677261	13.7757319652526	26.6267137042191	11.215390007399	29.790286179364
340	Bacteroides_ovatus	MF0005	43.7969243523659	47.5243135489066	94.5566242094934	75.1200582158138	65.1115697651778	142.830139216129
341	Bacteroides_ovatus	MF0049	54.8323698584739	82.7546927048527	24.0248765474004	103.978060777928	38.3192491919467	59.0908690242726
342	Bacteroides_ovatus	MF0006	475.213872106773	637.449672852901	199.472598856857	829.890702546585	248.296273219362	430.938934320662
343	Bacteroides_ovatus	MF0003	85.6971315083695	101.470831631449	30.6372278907216	146.521301668469	41.4346353051131	70.6805146063814
344	Bacteroides_ovatus	MF0047	81.3864106075461	126.150446196422	35.1556679753244	141.166208409519	47.8211768371042	53.0511945659907
345	Bacteroides_ovatus	MF0004	44.2279964424482	44.8636859564002	86.4013908860639	52.0634066842274	77.2615756065267	271.703733400282
346	Bacteroides_ovatus	MF0048	59.3155195953302	107.526053048877	93.6749773637172	108.886896265298	66.0461855991277	124.384646951646
347	Bacteroides_ovatus	MF0001	124.321190779747	186.97789770786	64.8010431645479	235.624103393761	65.1115697651778	95.0024468843278
348	Bacteroides_ovatus	MF0045	69.8336785933393	109.360968629916	67.4459837018764	121.828371641092	61.0615678180615	173.191745952357
349	Bacteroides_ovatus	MF0002	50.3492201216175	64.0385537782563	23.5840531245123	83.6733321710797	28.8173215467892	41.6247834287004
350	Bacteroides_ovatus	MF0046	33.9684806984885	36.1478369464656	29.3147576220574	46.4108082442256	48.9115619767125	68.0687634892864
351	Bacteroides_ovatus	MF0044	31.8993346660933	38.71671875992	12.5634675523103	50.5758807789638	22.4307800147981	28.5660278432257
352	Bacteroides_ovatus	MF00525	26.0367542409734	38.2579898646603	19.0656130399095	44.8489060436987	18.8480859846567	40.4005250925621
353	Bacteroides_ovatus	MF00844	33.0201221003074	48.8087544556338	23.1432297016243	52.5096644558065	28.8173215467893	57.9482279105436
354	Bacteroides_ovatus	MF0096	100.698440243235	115.232698489241	252.371409603426	132.836063340043	173.527006503369	538.714476512032
355	Bacteroides_ovatus	MF0050	26.7264695851052	33.0284804586995	147.455434956063	35.4031165452746	104.676973402391	188.53578376529
356	Bacteroides_ovatus	MF0051	19.9155305618042	29.3586492966218	13.7757319652526	31.6099254868523	16.0442384828069	29.0149225664764
357	Bacteroides_ovatus	MF0095	92.2494272776211	123.122835487708	210.272772717615	136.406125512676	159.50776899412	232.935552755903
358	Bacteroides_ovatus	MF0092	31.2096193219615	33.3954635749073	91.4708602492768	45.0720349294883	66.3577242104443	123.078771393098
359	Bacteroides_ovatus	MF0017	47.0730722369917	57.2493661284125	99.8465052841504	67.9799338705484	69.1615717122941	281.416182866978
360	Bacteroides_ovatus	MF0014	37.7619150912131	46.4233642002832	26.8902287961729	54.740953313702	28.0384750184976	69.3746390478339
361	Bacteroides_ovatus	MF0056	58.4533754151655	77.8004206360478	63.0377494729956	95.6479157084521	53.5846411464621	121.283192500095
362	Bacteroides_ovatus	MF0013	12.4148761943715	8.89934056803848	17.7431427712453	11.6027020610564	19.0038552903151	41.5431662062911
363	Bacteroides_ovatus	MF0010	30.9509760679121	38.0744983065564	12.3430558408662	47.0801949015942	16.5115463997819	29.1373484000903
364	Bacteroides_ovatus	MF0054	14.8719871078408	17.3399522408172	13.7757319652525	21.9038189550071	12.3057751470073	18.9760042101428
365	Bacteroides_ovatus	MF0011	71.1268948635863	78.1674037522556	184.92542590155	89.9953172684503	134.740449394447	270.071388952097
366	Bacteroides_ovatus	MF0009	130.873486548999	183.308066545782	59.951985512779	219.558823616913	74.457728104677	93.8598057705988
367	Lachnospiraceae_bacterium	MF0020	6.63851018726806	9.63330680045401	1.87349954727435	9.1482843173714	4.36154055843296	3.59115778600552
368	Lachnospiraceae_bacterium	MF0061	47.2455010730246	53.5795349663348	13.2247026866424	49.2371074642265	17.1346236224152	10.936707802835
369	Lachnospiraceae_bacterium	MF0060	106.043734160256	91.5622874938394	67.8868071247644	86.7227602768702	48.1327154484209	41.2983145390634
370	Lachnospiraceae_bacterium	MF0028	64.1435270042524	44.7719401773483	11.2409972836461	30.0480232863255	11.5269286187157	32.1571856292312
371	Lachnospiraceae_bacterium	MF0025	166.393826771784	120.003478999942	2379.56483674986	22.9078989410601	1874.21628568091	210.572433815778
372	Lachnospiraceae_bacterium	MF0026	64.1435270042524	58.3503154770358	11.2409972836461	58.3110154863347	11.5269286187157	32.1571856292312
373	Lachnospiraceae_bacterium	MF0067	164.669538411455	119.819987441838	39.8945197713713	92.8216164884512	40.5000194711632	61.5393856965491
374	Lachnospiraceae_bacterium	MF0068	181.1364922526	127.159649765993	50.2538702092412	75.7894448731824	79.442345885743	108.550905804258
375	Lachnospiraceae_bacterium	MF0021	25.6918965689076	42.9370245963094	9.47770359209374	50.8733859600165	11.8384672300323	9.4675977994691
376	Lachnospiraceae_bacterium	MF0065	51.9010796459139	62.7541128715291	14.5471729553067	54.740953313702	16.8230850110986	15.833741147388
377	Lachnospiraceae_bacterium	MF0022	40.6069908857565	55.0474674311659	21.710553577238	58.1622628958084	30.3750146033724	25.8726595037216
378	Lachnospiraceae_bacterium	MF00025	28.7094011994839	31.1935648776606	7.38379233337537	34.4734128544849	6.2307722263328	9.50840641067368
379	Lachnospiraceae_bacterium	MF00026	17.2428836032937	19.2666136009081	5.73070449754505	21.1228678547437	6.54231083764944	5.14188501178063
380	Lachnospiraceae_bacterium	MF0018	55.0047986945068	46.6068557583871	11.2409972836461	41.7994779379083	9.96923556213248	16.1602100370248
381	Lachnospiraceae_bacterium	MF00024	28.8818300355169	31.3770564357646	7.71440990054143	32.1305595536947	6.07500292067448	13.8749278095667
382	Lachnospiraceae_bacterium	MF00021	44.5728541145141	37.9827525275045	16.6410842140251	33.915590640011	23.0538572374314	20.9756261591686
383	Lachnospiraceae_bacterium	MF00020	77.9378338868874	69.5433005213729	7.49399818909738	36.2956320884328	9.65769695081584	20.4043056023041
384	Lachnospiraceae_bacterium	MF0074	70.0061074293723	105.507645909735	19.3962306070756	95.201657936873	20.8730869582149	23.6689944986727
385	Lachnospiraceae_bacterium	MF0072	35.5203402227849	48.7170086765818	14.8777905224727	46.4851845394887	17.9134701507068	10.3653872459705
386	Lachnospiraceae_bacterium	MGB006	35.6927690588179	37.7992609694006	8.1552333234295	35.551869135801	10.2807741734491	55.4997112382671
387	Lachnospiraceae_bacterium	MF0073	913.700402138531	545.703893800958	153.84737458794	426.919934810665	182.561626231551	572.463197978243
388	Lachnospiraceae_bacterium	MGB007	71.989039043751	78.8096242056191	15.7594373682489	73.8556611963397	22.1192414034814	24.4035495003557
389	Lachnospiraceae_bacterium	MF0071	16.5531682591619	15.4132908807264	6.17152792043314	15.916527186321	5.91923361501616	5.54997112382671
390	Lachnospiraceae_bacterium	MF0038	86.5592756885342	91.0118128195276	23.8044648359564	77.3513470737093	21.1846255695315	31.5042478499575
391	Lachnospiraceae_bacterium	MF0036	25.8643254049405	31.5605479938684	8.9634095987243	33.7668380494846	11.0076975998546	12.5690522510193
392	Lachnospiraceae_bacterium	MF0037	21.2087468320512	26.1781289561544	6.39193963187718	25.3871087831661	8.41154250554928	5.87644001346357
393	Lachnospiraceae_bacterium	MF0035	39.399989033526	42.2030583638939	26.8902287961729	47.005818606331	28.1942443241559	11.1815594700626
394	Lachnospiraceae_bacterium	MF0076	48.1076452531894	58.7172985932437	264.494053732849	62.550464316336	129.444293002064	33.7079128550063
395	Lachnospiraceae_bacterium	MF00526	77.9378338868874	69.5433005213729	7.49399818909738	36.2956320884328	17.7577008450485	10.1205355787428
396	Lachnospiraceae_bacterium	MF00845	13.7080924646185	16.05551133409	3.63679323882667	16.9577953200055	2.80384750184976	3.42792334118709
397	Lachnospiraceae_bacterium	MF0033	45.1763550406294	46.0563810840755	6.61235134332122	39.2706838989601	4.36154055843296	14.8543344784774
398	Lachnospiraceae_bacterium	MF00527	103.629730455795	91.1035585985794	7.27358647765334	34.2130958210637	16.0442384828069	9.14112890983222
399	Lachnospiraceae_bacterium	MF00019	35.6927690588179	35.1386333768942	9.47770359209374	32.2049358489578	16.3557770941236	15.5888894801603
400	Lachnospiraceae_bacterium	MF00016	61.8157377178078	54.5887385359061	7.27358647765334	34.2130958210637	16.0442384828069	9.14112890983222
401	Lachnospiraceae_bacterium	MF00017	77.9378338868874	69.5433005213729	7.0531747662093	36.2956320884328	9.3461583394992	20.4043056023041
402	Lachnospiraceae_bacterium	MF0108	21.5248663647783	29.3280673702711	9.18382131016836	30.6058455007994	12.9288523696406	22.1182672728976
403	Lachnospiraceae_bacterium	MF00015	43.3227450532753	39.9552867771212	12.2879529130053	37.8203461413281	19.7048171657775	13.752501975953
404	Lachnospiraceae_bacterium	MF0029	50.1767912855846	50.093195362361	18.5145837612994	50.5758807789638	29.9077066863974	19.4248989333935
405	Lachnospiraceae_bacterium	MF0106	46.0384992207941	55.7814336635815	56.8662215525625	57.5672525337029	46.5750223918377	18.2822578196645
406	Lachnospiraceae_bacterium	MF0107	46.0384992207941	55.7814336635815	56.8662215525625	57.5672525337029	46.5750223918377	18.2822578196645
407	Lachnospiraceae_bacterium	MF00570	45.5212127126953	38.71671875992	9.2572918806497	33.7668380494846	11.215390007399	18.6087267093013
408	Lachnospiraceae_bacterium	MF0086	2522.8062999979	1608.48699833867	255.457173563643	713.566176754968	369.484793021535	36.8909845289658
409	Lachnospiraceae_bacterium	MF0083	40.865634139806	60.7357057323864	134.891967403753	65.0048820600211	84.7385022781261	28.2395589535889
410	Lachnospiraceae_bacterium	MF0080	92.9391426217529	115.416190047344	43.8619305773641	136.852383284255	53.2731025351455	30.3616067362285
411	Lachnospiraceae_bacterium	MF0049	64.4883846763183	85.2318287392554	14.3267612438627	72.1450064052866	16.0442384828069	22.0366500504884
412	Lachnospiraceae_bacterium	MF0006	30.8647616498957	46.9738388745949	7.71440990054142	40.7582098042237	17.1346236224152	12.4058178062009
413	Lachnospiraceae_bacterium	MF0047	71.989039043751	78.8096242056191	15.7594373682489	73.8556611963397	22.1192414034814	24.4035495003557
414	Lachnospiraceae_bacterium	MF0048	63.4538116601207	61.4696719648019	12.3430558408663	58.7572732579138	15.576930565832	21.0572433815778
415	Lachnospiraceae_bacterium	MF0045	64.1435270042524	44.7719401773483	11.2409972836461	30.0480232863255	11.5269286187157	32.1571856292312
416	Lachnospiraceae_bacterium	MF0002	46.4983094502153	48.869918308335	46.5068711146925	46.0885109647518	77.6250373197295	20.9756261591686
417	Lachnospiraceae_bacterium	MF0087	416.156995765493	254.686282648194	217.215741628102	163.85097846479	282.721289769851	146.013210890088
418	Lachnospiraceae_bacterium	MF0044	96.7325770144775	119.636495883734	28.2126990648372	98.7717201095057	35.8269403014136	29.3822000673179
419	Lachnospiraceae_bacterium	MF0088	9.22494272776211	15.3215451016745	2.09391125871839	15.544645710005	4.6730791697496	3.01983722914101
420	Lachnospiraceae_bacterium	MF00525	103.629730455795	91.1035585985794	7.27358647765334	34.2130958210637	16.0442384828069	9.14112890983222
421	Lachnospiraceae_bacterium	MF00844	16.208310587096	16.147257113142	2.20411711444041	22.3128885789546	4.05000194711632	3.75439223082395
422	Lachnospiraceae_bacterium	MF0096	33.8391590714638	36.4689471731474	8.54095381845656	35.5890572834326	13.8634682035905	10.7326647468119
423	Lachnospiraceae_bacterium	MF0050	21.2087468320512	16.8812233455576	4.07761666171475	12.0489598326355	5.14038708672455	7.4271672392387
424	Lachnospiraceae_bacterium	MF0094	92.9391426217529	115.416190047344	43.8619305773641	136.852383284255	53.2731025351455	30.3616067362285
425	Lachnospiraceae_bacterium	MF0051	16.1220961690796	27.3402421574791	4.46333715674182	27.2589122139562	7.08750340745357	6.16210029189583
426	Lachnospiraceae_bacterium	MF0092	26.0367542409734	21.2850207400508	3.52658738310465	15.1727642336891	3.1153861131664	9.79406668910596
427	Lachnospiraceae_bacterium	MF0017	13.7943068826349	23.3034278791936	16.530878358303	25.5854455705346	13.3961602866155	13.0587555854746
428	Lachnospiraceae_bacterium	MF0013	8.27658412958095	5.5047467431166	3.08576396021657	5.2807169636859	2.95961680750808	1.87719611541197
429	Lachnospiraceae_bacterium	MF0057	619.191950194275	325.972752971554	410.075989141637	270.952843643772	510.767553253631	130.587555854746
430	Lachnospiraceae_bacterium	MF0010	48.2800740892223	63.4880791039447	21.82075943296	66.9386657368638	31.7769383542973	13.221990030293
431	Lachnospiraceae_bacterium	MF0054	13.3201275835444	17.1105877931874	5.12457229107394	14.6149420192153	8.95673507535342	3.87681806443778
432	Lachnospiraceae_bacterium	MF0011	349.771893892812	213.767665191027	507.057142177016	212.418699271648	510.456014642315	35.7483434152367
433	Lachnospiraceae_bacterium	MF0055	32.3304067561756	35.2303791559462	4.40823422888081	34.1387195258006	9.19038903384086	11.2631766924719
434	Lachnospiraceae_bacterium	MF0009	32.589050010225	49.9097038042571	21.82075943296	35.2543639547483	26.792320573231	10.4470044683797
435	Lachnospiraceae_bacterium	MF0008	9.13872830974564	9.54156102140209	23.1432297016243	11.0076916989509	84.1154250554928	39.5027356460607
436	Agathobacter_rectalis	MF0061	55.6945140386385	63.6715706620486	130.483733174872	118.407062058986	170.723159001519	170.579994835262
437	Agathobacter_rectalis	MF0104	53.1080814981445	54.818102983536	912.835102945495	126.43970194741	877.604268078975	556.996734331698
438	Agathobacter_rectalis	MF0028	81.2139817715132	171.38111526903	121.006029582778	186.238243339008	151.719303711204	127.322866958378
439	Agathobacter_rectalis	MF0105	88.8295886963011	149.637365633719	90.7361545444636	153.215168242155	103.950049975986	97.4509635566042
440	Agathobacter_rectalis	MF0102	44.18488923344	100.09464494567	41.0516812564526	114.316365819511	57.7125277464076	59.7438068035465
441	Agathobacter_rectalis	MF0026	81.2139817715132	171.38111526903	121.006029582778	186.238243339008	151.719303711204	127.322866958378
442	Agathobacter_rectalis	MF0067	57.5912312350008	111.562867327163	664.320898292338	139.678682504256	687.877253787141	425.878666531291
443	Agathobacter_rectalis	MF0068	85.3522738363036	108.443510839397	132.247026866424	191.742089188483	166.673157054402	179.884358189913
444	Agathobacter_rectalis	MF0021	71.9028246257346	134.315820532045	83.9768620601795	145.480033534784	94.7077378402586	128.302273627288
445	Agathobacter_rectalis	MF0065	54.8323698584739	128.168853335565	70.531747662093	124.208413089514	95.0192764515752	84.7186768607667
446	Agathobacter_rectalis	MF00025	45.3056766676541	96.6083053416963	81.9380537293223	98.3254623379266	91.9817749912381	77.7404043447788
447	Agathobacter_rectalis	MF00026	38.3654160173284	84.03913361158	97.8627998811538	89.2515543158184	102.184664511858	84.1473563039021
448	Agathobacter_rectalis	MF00023	34.3133383705544	80.644539786658	33.5025801394942	83.7477084663429	49.0673312823709	49.051950667939
449	Agathobacter_rectalis	MF00024	43.1934234262507	90.8283212614238	91.030036826389	94.6066475747674	108.103898126874	88.1466002019538
450	Agathobacter_rectalis	MF00021	78.0240483049038	149.362128296563	107.671121040414	170.544845038476	130.69044744733	108.30605413703
451	Agathobacter_rectalis	MF00020	46.5557857288929	110.278426420436	140.622671901298	102.639287463191	158.57315316017	115.896455821087
452	Agathobacter_rectalis	MF0074	109.837168552981	230.281905420377	198.370540299637	216.43501921586	195.023170684217	378.703911978764
453	Agathobacter_rectalis	MGB006	70.695822773504	113.76476602441	387.704200430067	104.126813368455	377.896335527084	359.442247490189
454	Agathobacter_rectalis	MF0073	572.118877957284	472.857745233715	4932.37327869474	744.357962993926	5036.3331905448	3760.26867083742
455	Agathobacter_rectalis	MGB007	162.255534706993	323.954345832411	384.508230614128	376.492806622227	469.488687254177	499.987104478859
456	Agathobacter_rectalis	MF0071	54.8323698584739	128.168853335565	70.531747662093	124.208413089514	95.0192764515752	84.7186768607667
457	Agathobacter_rectalis	MF00609	32.0717635021262	76.6994712874245	60.3928089356671	77.2025944831829	79.7538844970599	76.2304857302081
458	Agathobacter_rectalis	MF0038	0	0	0	64.2611191073892	0	58.3563140225897
459	Agathobacter_rectalis	MF0078	34.6581960426203	75.7820134969051	87.9442728661722	82.8551929231848	107.792359515557	76.7201890646634
460	Agathobacter_rectalis	MF0076	10.5181589980091	24.4043772278169	19.1758188956315	19.6353419494801	22.7423186261147	22.0366500504884
461	Agathobacter_rectalis	MF00526	71.3855381176358	155.692587051148	200.464451558355	167.867298409001	216.675104170724	222.325313842705
462	Agathobacter_rectalis	MF00845	64.5745990943348	124.866005289695	96.6505354682116	141.761218771625	120.409673273881	106.836944133664
463	Agathobacter_rectalis	MF0033	66.9023883807794	127.710124440305	131.144968309204	149.050095707417	149.850072043304	107.571499135347
464	Agathobacter_rectalis	MF00527	56.2118005467374	115.599681605448	143.267612438626	123.762155317935	158.57315316017	121.446426944914
465	Agathobacter_rectalis	MF00019	62.0456428325184	127.985361777461	197.48889345386	147.48819350689	240.507807936446	184.618157089647
466	Agathobacter_rectalis	MF00016	61.0398079556596	144.591347785862	140.622671901298	142.802486905309	158.57315316017	121.609661389732
467	Agathobacter_rectalis	MF00017	55.8669428746715	128.260599114617	134.891967403753	127.332217490568	148.292378986721	115.896455821087
468	Agathobacter_rectalis	MF00015	50.0905768675681	110.920646873799	70.6419535178151	117.81205169688	89.9567740176799	75.4143135061159
469	Agathobacter_rectalis	MF0106	30.6923328138627	63.9468079992044	131.47558587637	74.376295263182	148.603917598037	106.184006354391
470	Agathobacter_rectalis	MF00570	64.7757660697065	123.856801720123	184.484602478662	138.339909189519	233.342419876163	169.437353721533
471	Agathobacter_rectalis	MF0086	51.5562219738481	105.599391688786	153.737168732218	102.193029691612	169.165465944936	144.952186998768
472	Agathobacter_rectalis	MF0005	113.803031781738	238.722517093156	142.606377304294	262.102064507453	201.565481521866	197.676912675122
473	Agathobacter_rectalis	MF0049	88.3697784668802	177.06935357025	157.373961971045	177.38746420269	164.492386775186	246.484011675833
474	Agathobacter_rectalis	MF0006	240.365797429914	589.191393071579	406.880019325699	588.018990350717	506.561782000857	485.622473334837
475	Agathobacter_rectalis	MF0047	162.255534706993	323.954345832411	384.508230614128	376.492806622227	469.488687254177	499.987104478859
476	Agathobacter_rectalis	MF0001	79.8345510832497	203.49213793721	114.614089950901	199.030966124275	141.750068149071	132.709603637386
477	Agathobacter_rectalis	MF0045	81.2139817715132	171.38111526903	121.006029582778	186.238243339008	151.719303711204	127.322866958378
478	Agathobacter_rectalis	MF0002	254.418747566598	351.875644590552	859.973027484164	416.358500883293	889.079273595804	880.241743683398
479	Agathobacter_rectalis	MF0087	99.0603663009219	94.8651355397091	2439.51682226264	244.251753644289	2416.9165465945	1737.95713398185
480	Agathobacter_rectalis	MF0044	47.2455010730246	112.296833559578	82.4339800800712	116.17577320109	104.053896179758	83.739270191856
481	Agathobacter_rectalis	MF00525	58.6258042511985	130.095514695655	151.863669184944	133.282321111622	167.919311499669	225.100299404619
482	Agathobacter_rectalis	MF00844	47.2455010730246	110.645409536643	88.1646845776162	102.788040053718	100.938510066591	92.064226877596
483	Agathobacter_rectalis	MF0050	29.6577597976651	55.139213210218	32.951550860884	76.310078940025	39.2538650258967	42.277721207974
484	Agathobacter_rectalis	MF0051	61.6433088817749	124.866005289695	81.2217156671289	146.446925373205	90.9692745044589	96.6347913325119
485	Agathobacter_rectalis	MF0092	38.4516304353449	81.8372349143333	93.2341539408292	100.705503786348	109.973129794774	141.197794767944
486	Agathobacter_rectalis	MF0090	76.2997599445746	164.77541917729	116.046766075288	163.999731055316	124.926983137973	216.856959941288
487	Agathobacter_rectalis	MF0091	42.7623513361683	99.2689329342025	33.7229918509382	111.564442894773	54.8307955917287	55.0100079038118
488	Agathobacter_rectalis	MF0017	61.1260223736761	133.398362741525	183.602955632886	139.976187685309	211.37894777834	180.537295969187
489	Agathobacter_rectalis	MF0015	50.8665066297163	104.590188119215	339.213623912378	162.884086626369	422.446356945364	625.024689209779
490	Agathobacter_rectalis	MF0013	9.39737156379505	17.8904269151289	24.0248765474004	20.8997389689541	24.1442423770396	15.833741147388
491	Agathobacter_rectalis	MF0010	223.036699408604	310.651207869879	664.761721715226	391.665570855916	719.654192141438	597.682919702691
492	Agathobacter_rectalis	MF0054	27.9334714373358	56.790637233153	28.5433166320033	65.4511398316	41.4346353051131	40.2372906477436
493	Agathobacter_rectalis	MF0011	95.6980039982798	168.812233455575	482.040412928117	207.063606012699	531.484870906188	384.580351992227
494	Agathobacter_rectalis	MF0055	48.797360597321	88.0759478898656	155.500462423771	94.4578949842413	164.336617469528	161.520483147839
495	Agathobacter_rectalis	MF0009	109.837168552981	244.961230068688	417.018958052125	287.538757487462	454.846372522294	376.745098640943
496	Subdoligranulum_variabile	MF0061	24.6573235527099	35.5973622721539	12.3430558408663	84.6402240095011	10.9038513960824	25.1381045020386
497	Subdoligranulum_variabile	MF0028	26.0367542409734	35.5973622721539	8.81646845776162	68.5749442326538	11.8384672300323	15.3440378129327
498	Subdoligranulum_variabile	MF0026	26.0367542409734	35.5973622721539	8.81646845776162	68.5749442326538	11.8384672300323	18.119023374846
499	Subdoligranulum_variabile	MF0067	177.946558785991	177.619828244562	56.4253981296744	216.881276987439	62.9307994859613	177.599075962455
500	Subdoligranulum_variabile	MF0068	418.312356215904	433.040077125172	102.711857532923	448.489060436988	124.303905915339	662.731845962837
501	Subdoligranulum_variabile	MF0021	190.447649398379	182.849337650523	87.2830377318403	307.917862389574	137.388527590638	44.0733001009768
502	Subdoligranulum_variabile	MF0065	185.360998735407	176.977607791198	63.9193963187718	288.282520440093	91.2808131157755	95.9002363308291
503	Subdoligranulum_variabile	MF0022	42.7623513361683	37.6157694112967	13.0042909751984	61.5835724779147	17.4461622337318	30.8513100706838
504	Subdoligranulum_variabile	MF00025	14.354700599742	13.6701210787396	5.73070449754505	26.2920203755349	6.69808014330776	10.1613441899474
505	Subdoligranulum_variabile	MF00026	8.96629947371272	12.5691717301162	7.27358647765334	34.8081061831692	6.2307722263328	13.7116933647483
506	Subdoligranulum_variabile	MF0018	31.5544769940274	44.4049570611405	11.6818207065342	72.2937589958129	11.5269286187157	9.14112890983223
507	Subdoligranulum_variabile	MF0019	5.86258042511985	17.4316980198692	1.32247026866424	32.5768173252737	1.24615444526656	7.5087844616479
508	Subdoligranulum_variabile	MF00024	15.8634529150302	13.3948837415837	5.28988107465697	25.2879403894819	6.54231083764944	8.48819113055848
509	Subdoligranulum_variabile	MF00021	53.8840112602927	47.7995508860624	22.8126121344582	91.3340905831875	30.2192452977141	63.5798162567794
510	Subdoligranulum_variabile	MF00020	37.0721997470814	32.6614973424918	13.4451143980865	50.8733859600165	12.4615444526656	18.4454922644829
511	Subdoligranulum_variabile	MF0074	210.708037632249	141.288499739992	61.7152792043314	127.778475262147	76.9500369952101	106.2656235768
512	Subdoligranulum_variabile	MGB006	83.6279854759743	73.2131316834506	18.2941720498554	85.5327395526593	31.4653997429806	61.3761512517307
513	Subdoligranulum_variabile	MF0073	284.507579454345	253.218350183363	112.189561125017	399.549458153814	161.065462050703	288.924967328626
514	Subdoligranulum_variabile	MGB007	47.2455010730246	65.3229946849837	18.5145837612994	117.291417630038	29.5961680750808	39.6659700908791
515	Subdoligranulum_variabile	MF0071	119.665612206858	111.379375769059	56.8662215525625	223.128885789546	80.2211924140348	51.3372328953971
516	Subdoligranulum_variabile	MF0038	59.9190205214455	54.0382638615946	13.0042909751984	104.72182373056	18.8480859846567	16.8947650387078
517	Subdoligranulum_variabile	MF00609	18.6223142915572	13.3948837415837	6.17152792043314	24.3954248463237	6.54231083764944	13.5484589199299
518	Subdoligranulum_variabile	MF0078	2.93129021255992	7.52315388225934	0.220411711444041	16.0652797768473	1.86923166789984	4.40733001009768
519	Subdoligranulum_variabile	MF00526	37.4170574191472	40.276397003803	13.8859378209746	56.0797266284392	12.9288523696405	18.3638750420737
520	Subdoligranulum_variabile	MF00845	15.8634529150301	20.8262918447911	6.61235134332121	44.4770245673829	8.87885042252425	15.4256550353419
521	Subdoligranulum_variabile	MF0033	20.6914603239524	21.2850207400508	10.1389387264259	44.0307667958037	12.150005841349	18.119023374846
522	Subdoligranulum_variabile	MF00527	24.6573235527099	24.220885669713	6.61235134332122	36.4443846789592	11.215390007399	14.5278655888405
523	Subdoligranulum_variabile	MF00019	11.4665175961903	16.3307486712459	4.51844008460283	35.8493743168537	7.788465282916	9.16833465063531
524	Subdoligranulum_variabile	MF00016	30.8647616498956	33.945938249219	9.80832115925978	55.7822214473865	12.9288523696405	15.9969755922064
525	Subdoligranulum_variabile	MF00017	37.0721997470814	31.7440395519723	10.800173860758	50.8733859600165	12.4615444526656	15.833741147388
526	Subdoligranulum_variabile	MF00015	33.8822662804721	32.4321328948619	7.82461575626344	37.4112765173805	11.3711593130574	18.2822578196645
527	Subdoligranulum_variabile	MF0106	43.2796378442671	34.9551418187903	13.2247026866424	57.195371057387	19.3153939016317	20.9756261591686
528	Subdoligranulum_variabile	MF00570	8.79387063767977	14.3123415321031	2.42452882588445	32.279312144221	4.6730791697496	8.16172224092163
529	Subdoligranulum_variabile	MF0086	54.2288689323586	44.3132112820885	22.8126121344582	69.2443308900225	33.3346314108805	53.7857495676735
530	Subdoligranulum_variabile	MF0005	22.7606063563476	28.2576999479985	7.49399818909738	62.922345792652	12.7730830639822	22.5263533849437
531	Subdoligranulum_variabile	MF0049	109.750954134964	77.8004206360475	31.7392864479419	80.028893703184	40.3442501655049	57.2136729088608
532	Subdoligranulum_variabile	MF0006	203.466026518865	234.318719698663	49.3722233634651	325.619420662211	73.5231122707271	142.177201436855
533	Subdoligranulum_variabile	MF0047	47.2455010730246	65.3229946849837	18.5145837612994	117.291417630038	29.5961680750808	39.6659700908791
534	Subdoligranulum_variabile	MF0048	14.4840222267667	24.220885669713	5.51029278610101	47.3033237873838	5.29615639238288	9.4675977994691
535	Subdoligranulum_variabile	MF0001	57.9360889070667	76.8829628455284	61.9356909157754	106.655607407403	89.1000428365591	22.1998844953068
536	Subdoligranulum_variabile	MF0045	26.0367542409734	35.5973622721539	8.81646845776162	68.5749442326538	11.8384672300323	15.3440378129327
537	Subdoligranulum_variabile	MF0002	75.2651869283769	83.5804047163202	28.6167872024846	136.753214890571	36.9692485429079	47.147548811724
538	Subdoligranulum_variabile	MF0087	499.612552405434	454.325097865222	82.4339800800711	499.808704168583	105.923127847658	442.365345457953
539	Subdoligranulum_variabile	MF0044	14.4840222267667	22.0189869724664	9.69811530353778	53.8484377705438	7.16538806028272	15.6705067025695
540	Subdoligranulum_variabile	MF0088	112.078743421409	100.736865399033	18.2941720498553	132.612934454253	27.8827057128392	127.404484180787
541	Subdoligranulum_variabile	MF00525	30.8647616498956	27.7072252736869	9.91852701498184	43.6588853194879	11.215390007399	13.221990030293
542	Subdoligranulum_variabile	MF00844	14.8288798988326	25.6888181345441	5.28988107465697	52.5096644558065	8.41154250554928	19.7513678230304
543	Subdoligranulum_variabile	MF0050	6.98336785933395	6.6056960917399	2.7551463930505	16.2140323673737	2.95961680750808	5.30511945659905
544	Subdoligranulum_variabile	MF0051	10.863016670075	14.1288499739992	3.30617567166061	31.3867966010628	4.36154055843296	8.65142557537693
545	Subdoligranulum_variabile	MF0092	47.0730722369917	73.7636063577623	21.600347721516	95.201657936873	29.9077066863974	38.6865634219686
546	Subdoligranulum_variabile	MF0017	33.6236230264226	33.854192470167	11.130791427924	60.7654332300197	15.2653919545154	27.178535062269
547	Subdoligranulum_variabile	MF0014	40.693205303773	52.4785856177115	11.9022324179782	103.680555596876	16.8230850110986	24.6484011675833
548	Subdoligranulum_variabile	MF0015	24.6573235527099	23.1199363210897	5.06946936321293	36.7418898600119	6.2307722263328	12.7322866958378
549	Subdoligranulum_variabile	MF0013	16.2083105870961	21.4685122981547	7.7144099005414	26.4779611136928	10.9038513960824	25.7094250589032
550	Subdoligranulum_variabile	MF0010	50.1767912855846	61.1944346276461	10.800173860758	118.258309468459	12.7730830639822	39.0946495340146
551	Subdoligranulum_variabile	MF0054	12.1562329403221	10.2755272538176	3.52658738310465	14.2058723952678	4.6730791697496	7.9984877961032
552	Subdoligranulum_variabile	MF0011	115.527320142068	133.214871183422	43.9721364330861	184.825093729007	47.8211768371042	82.5966290781271
553	Subdoligranulum_variabile	MF0009	31.0371904859286	40.9186174571666	8.81646845776162	99.6642356526639	11.8384672300323	22.8528222745806
554	Roseburia_intestinalis	MF0061	10.0008724899103	16.5142402293498	13.4451143980865	19.3378367684273	22.7423186261147	17.4660855955723
555	Roseburia_intestinalis	MF0104	14.4840222267667	15.6426553283563	17.6329369155233	42.8035579239613	19.7827018186067	46.7258598292763
556	Roseburia_intestinalis	MF0028	12.2424473583385	22.7529532048819	47.8293413833568	10.1151761557928	66.3577242104443	22.6895878297621
557	Roseburia_intestinalis	MF0102	4.74179299090576	6.42220453363603	23.3085384852073	1.33877331473728	29.0509755052767	8.28414807453546
558	Roseburia_intestinalis	MF0026	15.0013087348655	23.3034278791936	47.8293413833568	10.1151761557928	68.5384944896608	22.6895878297621
559	Roseburia_intestinalis	MF0103	10.5181589980091	25.1383434602324	54.6621044381221	17.1065479105319	71.3423419915106	45.5424101043427
560	Roseburia_intestinalis	MF0067	13.4494492105691	20.5510545076353	28.8739341991693	13.09022796632	32.4000155769306	36.2380467496921
561	Roseburia_intestinalis	MF0068	24.0538226265947	28.991666180414	37.3597850897649	26.5523374089559	44.5500214182796	47.8276923318007
562	Roseburia_intestinalis	MF0021	14.3115933907337	17.6151895779731	60.6132206471112	8.33014506947639	64.1769539312279	128.302273627288
563	Roseburia_intestinalis	MF0065	8.70765621966328	13.0279006253759	28.9841400548913	3.57006217263273	33.1788621052222	19.4248989333935
564	Roseburia_intestinalis	MF0022	55.1772275305397	35.4138707140501	33.9434035623822	25.2879403894819	63.5538767085946	96.961260222149
565	Roseburia_intestinalis	MF0066	53.3667247521939	91.4705417147875	89.8177724134464	49.9064941215952	126.951984111531	51.4188501178063
566	Roseburia_intestinalis	MF00025	3.4054695116505	7.15617076605154	9.97362994284283	2.64035848184297	13.3182756337864	8.56980835296773
567	Roseburia_intestinalis	MF00026	7.50065436743275	11.6517139395968	22.041171144404	4.09069623947501	34.2692472448304	10.6918561356074
568	Roseburia_intestinalis	MF0018	8.79387063767977	10.8260019281293	25.1269351046206	5.8013510305282	29.9077066863974	16.4866789266617
569	Roseburia_intestinalis	MF00023	3.96586322875754	7.01855209747366	16.9717017811911	0.780951100263412	25.779820086452	6.4885691815327
570	Roseburia_intestinalis	MF00024	3.62100555669167	7.24791654510348	11.130791427924	2.75192292473774	13.3961602866155	8.08010501851243
571	Roseburia_intestinalis	MF00021	4.39693531883989	7.61489966131128	15.3186139453608	4.23944883000138	17.1346236224152	8.24333946333086
572	Roseburia_intestinalis	MF00020	6.03500926115278	9.72505257950598	16.9717017811911	7.88388729789729	22.7423186261147	17.6293200403907
573	Roseburia_intestinalis	MF0074	6.20743809718572	14.3123415321031	30.6372278907216	4.76008289684365	46.730791697496	13.5484589199299
574	Roseburia_intestinalis	MGB006	11.3803031781738	17.0647149036614	27.5514639305051	14.8752590526364	23.6769344600646	38.5233289771501
575	Roseburia_intestinalis	MF0073	176.222270425661	262.209436530454	102.932269244367	447.299039712777	150.161610654621	379.683318647674
576	Roseburia_intestinalis	MGB007	21.4673900861006	32.0192768891282	64.5806314531039	19.3378367684273	79.2865765800849	42.9306589872478
577	Roseburia_intestinalis	MF0071	4.39693531883989	7.15617076605157	12.4532616965883	2.9006755152641	15.8884691771486	14.7727172560682
578	Roseburia_intestinalis	MF0038	87.6800631227482	157.068773736927	122.438705707165	175.081799049531	180.069317341018	96.8796429997399
579	Roseburia_intestinalis	MF00609	4.65557857288929	6.23871297553213	17.4125252040792	3.57006217263274	20.8730869582149	9.14112890983223
580	Roseburia_intestinalis	MF0078	8.4490129656139	22.569461646778	37.4699909454869	16.6602901389528	38.3192491919467	37.3806878634211
581	Roseburia_intestinalis	MF00526	6.20743809718572	10.2755272538176	18.0737603384114	6.39636139263366	23.2096265430896	16.5682961490709
582	Roseburia_intestinalis	MF00845	8.36279854759743	10.3672730328696	21.2697301543499	6.69386657368639	24.7673195996729	13.4668416975207
583	Roseburia_intestinalis	MF0033	5.34529391702104	9.90854413760986	17.8533486269673	4.61133030631729	25.2346275166478	8.81466002019537
584	Roseburia_intestinalis	MF00527	6.37986693321866	9.72505257950598	18.2941720498554	6.24760880210729	22.7423186261147	17.6293200403907
585	Roseburia_intestinalis	MF00019	12.1849710796609	15.2603812489732	26.0085819503968	10.7845628131614	34.7365551618053	23.0976739418082
586	Roseburia_intestinalis	MF00016	6.37986693321866	9.72505257950598	18.2941720498554	4.61133030631729	23.6769344600646	15.5072722577511
587	Roseburia_intestinalis	MF00017	6.20743809718572	11.192985044337	25.8983760946748	6.02447991631774	25.0788582109895	17.2212339283446
588	Roseburia_intestinalis	MF00015	6.20743809718572	10.8718748176553	13.0042909751984	4.27663697763297	16.8230850110986	9.059511687423
589	Roseburia_intestinalis	MF0106	10.6043734160256	20.2758171704794	38.9026670698731	12.4952176042146	42.3692511390631	38.4417117547409
590	Roseburia_intestinalis	MF00570	10.6905878340421	10.8260019281293	24.2452882588445	8.33014506947639	29.5961680750808	20.2410711574857
591	Roseburia_intestinalis	MF0085	10.6905878340421	15.0463077645187	44.3027540002522	1.93378367684273	56.2327193426536	13.5484589199299
592	Roseburia_intestinalis	MF0086	21.2949612500677	44.4967028401924	23.8044648359564	23.0566515315864	30.8423225203474	61.9474718085954
593	Roseburia_intestinalis	MF0005	8.10415529354802	19.2666136009081	43.8619305773641	4.76008289684365	61.6846450406947	19.4248989333935
594	Roseburia_intestinalis	MF0049	7.0695822773504	11.8352054977006	24.1350824031224	5.95010362105456	36.2942482183886	11.0999422476534
595	Roseburia_intestinalis	MF0006	66.7299595447465	99.0854413760986	287.637283434473	24.9904352084292	385.996339421317	118.834675827819
596	Roseburia_intestinalis	MF0003	5.34529391702104	6.78918764984379	24.6861116817325	1.48752590526364	25.8577047392811	4.08086112046082
597	Roseburia_intestinalis	MF0047	21.4673900861006	32.0192768891282	64.5806314531039	19.3378367684273	79.2865765800849	42.9306589872478
598	Roseburia_intestinalis	MF0004	52.8494382440951	89.7273719128006	84.4176854830677	47.6008289684365	128.198138556798	52.8879601211722
599	Roseburia_intestinalis	MF0048	5.34529391702104	8.80759478898654	28.4331107762812	2.52879403894819	39.2538650258967	11.2631766924719
600	Roseburia_intestinalis	MF0001	117.768895010496	255.42024888061	233.416002419239	216.137514034807	279.13859573971	249.258997237747
601	Roseburia_intestinalis	MF0045	12.2424473583385	22.7529532048819	47.8293413833568	10.1151761557928	66.3577242104443	22.6895878297621
602	Roseburia_intestinalis	MF0002	15.4323808249478	21.1321111082976	45.0741949903063	12.5200097026356	64.9038773576333	51.1195869689726
603	Roseburia_intestinalis	MF0087	24.8297523887428	32.3862600053359	73.6175116223096	55.2615873805442	66.8250321274192	119.405996384683
604	Roseburia_intestinalis	MF0044	10.1733013259433	14.6793246483109	38.131226079819	2.23128885789546	58.2577203162117	17.6293200403907
605	Roseburia_intestinalis	MF00525	6.20743809718572	10.2755272538176	18.0737603384114	4.68570660158047	23.2096265430896	16.5682961490709
606	Roseburia_intestinalis	MF00844	7.93172645751509	11.0094934862332	17.8533486269673	8.77640284105548	23.365395848748	14.3646311440221
607	Roseburia_intestinalis	MF0050	3.10371904859286	4.31205161544133	8.7062626020396	1.71065479105319	13.3961602866155	3.9992438980516
608	Roseburia_intestinalis	MF0051	6.29365251520218	9.90854413760986	19.0656130399095	4.46257771579092	36.6057868297052	9.95730113392439
609	Roseburia_intestinalis	MF0092	10.1733013259433	15.7802739969342	37.0291675225988	2.67754662947455	50.4692550332957	14.0381622543852
610	Roseburia_intestinalis	MF0017	10.6905878340421	17.0647149036614	31.2984630250538	5.3550932589491	34.8923244674637	35.7483434152368
611	Roseburia_intestinalis	MF0014	16.380739423129	21.6520038562586	36.8087558111548	5.95010362105456	46.4192530861794	26.4439800605861
612	Roseburia_intestinalis	MF0015	5.51772275305397	7.15617076605157	23.5840531245123	2.38004144842182	28.9730908524475	213.347419377692
613	Roseburia_intestinalis	MF0013	0.775929762148215	1.9266613600908	4.51844008460283	0.520634066842275	6.3865415319911	1.63234444818433
614	Roseburia_intestinalis	MF0010	8.4490129656139	10.6425103700254	23.1432297016243	3.12380440105364	27.4153977958643	9.95730113392439
615	Roseburia_intestinalis	MF0054	4.05207764677401	6.3304587545841	5.8409103532671	2.38004144842182	8.10000389423265	5.79482279105435
616	Roseburia_intestinalis	MF0011	8.4490129656139	10.6425103700254	46.5068711146926	3.86756735368546	67.2923400443943	16.6499133714801
617	Roseburia_intestinalis	MF0055	9.91465807189384	14.5875788692589	24.3554941145665	6.84261916421275	22.1192414034814	17.5477028179815
618	Roseburia_intestinalis	MF0009	37.9343439272461	55.5979421054776	141.945142169962	22.461641169481	177.577008450485	67.4158257100127
619	Roseburia_intestinalis	MF0008	3.79343439272461	8.25712011467488	13.0042909751984	0.148752590526364	24.3000116826979	4.73379889973455
